CHROM,POS,REF,ALT,SIFT
scaffold11,2133652,G,"C,GTCA,A",
scaffold11,5971895,T,A,
scaffold11,6230609,A,C,
scaffold11,6230610,T,C,
scaffold11,6230612,G,"GACCTAC,A",
scaffold11,6230623,T,C,
scaffold11,6230624,T,TTGACTATCGTGTAATGAGTTCGTTAAGGTGATAAAGTATGGTGACAG,
scaffold11,6230680,C,T,
scaffold11,6230704,G,A,
scaffold11,6230705,A,T,
scaffold11,6230722,T,C,
scaffold11,6230728,C,A,
scaffold11,6230757,T,A,
scaffold11,6230758,G,T,
scaffold11,6230776,T,G,
scaffold11,6230782,G,GACGTGTCGCCCTGCAAGCTATAGAT,
scaffold11,6230783,C,T,
scaffold11,6230818,T,C,
scaffold11,10885168,T,G,
scaffold11,10885171,G,A,
scaffold11,43902992,T,A,
scaffold11,43902993,G,A,
scaffold1,1327239,T,C,
scaffold1,1327248,C,T,
scaffold1,1327249,T,G,
scaffold1,1327254,C,T,
scaffold1,1327255,C,A,
scaffold1,2528660,ATTTTCT,"TTTTTCT,A",
scaffold1,2528664,T,"G,A,*",
scaffold1,2528665,C,"T,CT",
scaffold1,3681708,ATCATTCTTTTTCAATTAAATTGAAATGATACAAAGAAGAAATTGAATGTCTACAGATTTTATT,"GTCATTCTTTTTCAATTAAATTGAAATGATACAAAGAAGAAATTGAATGTCTACAGATTTTATT,CTCATTCTTTTTCAATTAAATTGAAATGATACAAAGAAGAAATTGAATGTCTACAGATTTTATT,*,A",
scaffold1,3681741,AAGAAGAAATTGAAT,"GAGAAGAAATTGAAT,A,*",
scaffold1,3681743,GAAGAAATTGAATGTCTACAGATTTTATTATAGAAAATCTTTCAATCTTCTGAGAA,"AAAGAAATTGAATGTCTACAGATTTTATTATAGAAAATCTTTCAATCTTCTGAGAA,*,GGAAATTGAATGTCTACAGATTTTATTATAGAAAATCTTTCAATCTTCTGAGAA,G",
scaffold1,3681744,AAG,"A,*",
scaffold1,3681749,ATT,"A,*",
scaffold1,3681755,T,"A,*",
scaffold1,3681756,GT,G,
scaffold1,3681758,C,"A,T",
scaffold1,3681759,T,"C,A",
scaffold1,3681784,TCAATCTTCTGAGAATCAGAGTAATAA,"CCAATCTTCTGAGAATCAGAGTAATAA,*,TGCAATCTTCTGAGAATCAGAGTAATAA,T",
scaffold1,3681792,CTGAGA,"C,ATGAGA,*,CAGA",
scaffold1,3681799,TC,"T,*",
scaffold1,3681800,CAG,"*,C,TAG",
scaffold1,3681801,A,"AG,*",
scaffold1,3681857,C,"T,A",
scaffold1,3681858,C,A,
scaffold1,3681859,T,C,
scaffold1,3681860,G,T,
scaffold1,4161165,A,G,
scaffold1,4161170,A,T,
scaffold1,4161171,A,G,
scaffold1,4161174,C,T,
scaffold1,4161213,G,A,
scaffold1,4161255,A,C,
scaffold1,4161256,G,T,
scaffold1,4161258,C,T,
scaffold1,4161415,TTCCAGAAGGAGGATGATTTTGAAACAAAG,"TGTCCAGAAGGAGGATGATTTTGAAACAAAG,TCCCTAAAATCCAGAAGGAGGATGATTTTGAAACAAAG,T",
scaffold1,4161419,AG,"ATTCCTCCTTCACGG,ACGG,A,*",
scaffold1,4161421,AAGGAG,A,
scaffold1,4161423,G,"*,A",
scaffold1,6657254,GCGCAGAAAGATTATGTCACGAGCATTAAGATA,"TCGCAGAAAGATTATGTCACGAGCATTAAGATA,G,*",
scaffold1,6657273,C,"CAG,A,*,T",
scaffold1,6657274,G,"A,T",
scaffold1,9102197,A,G,
scaffold1,9102199,G,A,
scaffold1,9102279,T,G,
scaffold1,9102318,C,"T,A",
scaffold1,9102439,A,G,
scaffold1,73090695,CA,"C,AA,TA,CAA",
scaffold1,73090696,A,"G,C,*,T",
scaffold1,73090697,A,"C,G",
scaffold1,73090700,A,"G,C",
scaffold1,78978201,C,T,
scaffold1,78978634,G,T,
scaffold1,78978635,G,A,
scaffold1,78978636,T,C,
scaffold1,79741719,CAAAATAGACCAGTTTCTTGGGCTCACTCTTCAATTTTGCTTAAAT,"C,CAGAGAATGAAAATAGACCAGTTTCTTGGGCTCACTCTTCAATTTTGCTTAAAT,GAAAATAGACCAGTTTCTTGGGCTCACTCTTCAATTTTGCTTAAAT,AAAAATAGACCAGTTTCTTGGGCTCACTCTTCAATTTTGCTTAAAT,CAGAGAATAAAAATAGACCAGTTTCTTGGGCTCACTCTTCAATTTTGCTTAAAT,CATAGAACGAAAATAGACCAGTTTCTTGGGCTCACTCTTCAATTTTGCTTAAAT",
scaffold1,79741741,CTCACTCTTCAATTTTGCTTAAATAA,"TTCACTCTTCAATTTTGCTTAAATAA,GTCACTCTTCAATTTTGCTTAAATAA,C",
scaffold1,79741747,C,"T,*",
scaffold1,79741748,T,"G,C,*",
scaffold1,79741777,C,T,
scaffold1,79741778,A,"G,C",
scaffold1,83700747,A,G,
scaffold1,83781998,GTAA,"*,ATAA,GA,G",
scaffold1,83781999,TA,"T,TTGCCA,*",
scaffold1,83782001,AC,"A,AGCC",
scaffold1,83782002,C,"A,*",
scaffold1,83782003,C,T,
scaffold1,83782455,TTATTATGTGCACC,T,
scaffold14,2352071,A,G,
scaffold14,2352085,C,T,
scaffold14,2352086,C,"G,T,A",
scaffold14,2352087,G,A,
scaffold14,2352103,TTG,"T,CTG",
scaffold14,2352110,T,C,
scaffold14,2352119,A,C,
scaffold14,2352136,CA,"C,TA",
scaffold14,2352137,A,"G,*",
scaffold14,2352146,C,T,
scaffold14,2352147,C,T,
scaffold14,2352148,C,T,
scaffold14,2352149,AC,"GC,A",
scaffold14,2352152,A,G,
scaffold14,2352153,T,"C,TA",
scaffold14,2352161,C,T,
scaffold14,2352162,C,T,
scaffold14,2352164,C,T,
scaffold14,2352165,G,A,
scaffold14,2352170,A,T,
scaffold14,2352183,A,C,
scaffold14,2352191,C,"A,T",
scaffold14,2352192,A,"C,G",
scaffold14,2352197,C,"G,A,T",
scaffold14,2352201,G,T,
scaffold14,2352213,GCAATTTTC,"ACAATTTTC,*,TCAATTTTC,GATTTTC,G",
scaffold14,2352218,T,"TGG,C,*",
scaffold14,2352223,CCGAGACTTT,C,
scaffold14,2352224,CGAGACTTTAAAAAT,"*,TGAGACTTTAAAAAT,C",
scaffold14,2352228,ACTTTAAAAATGCTAT,"*,A",
scaffold14,2352229,CTTT,"*,TTTT,C",
scaffold14,2352234,AAAATGCTAT,"A,*",
scaffold14,2352248,C,A,
scaffold14,2352249,T,G,
scaffold14,2352254,A,G,
scaffold14,2352255,C,"A,G",
scaffold14,2352257,A,G,
scaffold14,2352260,A,G,
scaffold14,2352261,T,G,
scaffold14,2352270,A,G,
scaffold14,2352273,T,A,
scaffold14,2352275,C,T,
scaffold14,2352276,G,"A,C",
scaffold14,2352282,A,G,
scaffold14,2352285,C,T,
scaffold14,2352290,T,A,
scaffold14,2352316,C,G,
scaffold14,33041441,C,"T,CA",
scaffold14,35881362,T,C,
scaffold14,35881363,C,T,
scaffold14,35881364,C,"G,A",
scaffold14,35881366,G,A,
scaffold14,35881374,A,"G,T",
scaffold14,35881375,G,A,
scaffold14,35881380,G,"A,C",
scaffold14,35881381,A,"T,G",
scaffold14,40349613,GATAAATTAGATTAAGTAGATTTTGCTAATGTAATTTGAAATCAGTTACTGGGAGAAGAAAAATGTCTTAATACTCCTCCGGAGAAGTAGTTAACCACTACTACTAAATTTAGCACTAAATGCAAAATGCAGAGCTCGAGGAGAAGTCTTCACAATCCGCAAT,"G,CATAAATTAGATTAAGTAGATTTTGCTAATGTAATTTGAAATCAGTTACTGGGAGAAGAAAAATGTCTTAATACTCCTCCGGAGAAGTAGTTAACCACTACTACTAAATTTAGCACTAAATGCAAAATGCAGAGCTCGAGGAGAAGTCTTCACAATCCGCAAT",
scaffold14,40349713,C,A,
scaffold14,40349715,A,G,
scaffold14,40349716,C,"*,A",
scaffold14,40349719,A,G,
scaffold12,5594921,T,C,
scaffold12,5594924,C,"A,T",
scaffold12,27752500,ATGAAGGG,"ATGAAGATTGAAGGG,A",
scaffold12,27752504,A,"G,*,T",
scaffold12,27752505,G,"T,A",
scaffold12,27752520,C,"A,T",
scaffold12,27752521,T,G,
scaffold12,27752522,A,G,
scaffold12,27752524,C,"A,CGGA",
scaffold12,27752525,ATAGCCCTTT,"A,TTAGCCCTTT",
scaffold12,27752531,C,"*,G",
scaffold12,27752533,TTATAGTTTAATA,"T,*",
scaffold12,27752535,ATAGTT,"*,A,GTAGTT",
scaffold12,27752536,TAGTTTAATACATTTTATTACCATTTATTTAA,"T,*,TA",
scaffold12,27752537,AGTTTAATACATTTTATTACC,"*,A",
scaffold12,27752539,TTTAATACATTTTATTACCATTTATTTAA,"*,T",
scaffold12,27752541,T,"*,TA",
scaffold12,27752544,TACATTTTATTACCATTTATTTAA,"*,T,TATTTTATTACCATTTATTTAA",
scaffold12,27752545,ACATT,"*,A,AATT",
scaffold12,27752546,C,"*,T",
scaffold12,27752547,A,"*,C,G",
scaffold12,27752548,TTTTATTACCATTTATTTAA,"*,T,TCATTTATTTAA",
scaffold12,27752553,TTACC,"*,T",
scaffold12,27752558,ATTTATTTAAAATTT,"*,A",
scaffold12,27752562,ATTTAAAATTT,"*,A",
scaffold12,27752565,TAAAA,"*,T,TA",
scaffold12,27752570,TTTAATAATCGATTAACAA,"*,T",
scaffold12,27752572,TAATAATCGA,"*,AAATAATCGA,T",
scaffold12,27752575,TA,"T,*,TGA",
scaffold12,27752576,A,"*,G",
scaffold12,27752577,ATCG,"*,A",
scaffold12,27752580,G,"A,*",
scaffold12,27752594,T,TTA,
scaffold12,27752595,A,"T,G",
scaffold12,27752598,G,"T,C,A",
scaffold12,27752604,T,C,
scaffold12,27752605,C,A,
scaffold12,27752606,A,ATT,
scaffold12,27752637,T,C,
scaffold12,27752638,A,T,
scaffold12,27752643,T,C,
scaffold12,27752664,T,"TATAATTGTGAAATTTCTCTCATTTTCATTGTTTTAAAGTC,TATAATTGTGATATTTCTCTCATTTTCATTGTTTTAAAGTCATTGAGTA,TATAATTGTGATTATTTCTCTCATTTTCATTGTTTTAAAGTCATTA,TATAATTGTGATATTTCTCTCATTTTCATTGTTTTAAAGTCATTGAGGA,TATAATTGTGATATTTCTCTCATTTTCATTGTTTTA",
scaffold12,27752665,A,"ATAATT,ATAATTGTGATATTTCTCTTTAAATTTACGTGACGACGACCACTGCAATTGACCTCGTTTGGTAT",
scaffold12,27752666,G,T,
scaffold12,27752667,G,A,
scaffold12,27752668,G,"GA,A",
scaffold12,27752669,T,A,
scaffold12,39318296,A,"C,G,AGAACC",
scaffold12,39318297,T,"G,TAA,C",
scaffold12,39318298,C,"A,G",
scaffold8,2340701,TACCAGCGCAATATA,T,
scaffold8,2340714,TAA,"T,*",
scaffold8,2340715,A,"AC,*",
scaffold8,2340716,ACACGTT,"*,GCACGTT,A",
scaffold8,46521516,G,A,
scaffold8,46521517,A,T,
scaffold8,46521519,G,A,
scaffold8,46521521,G,"T,A",
scaffold8,46521522,AT,A,
scaffold8,46521523,T,"*,A",
scaffold8,46521537,A,T,
scaffold8,46521539,G,T,
scaffold8,46521540,G,"C,A,T",
scaffold8,46521541,C,T,
scaffold8,46521542,AT,A,
scaffold8,46521543,T,"*,C",
scaffold8,46521544,A,T,
scaffold8,46521744,A,T,
scaffold8,46521746,T,"C,A",
scaffold8,46521747,G,A,
scaffold8,46521748,T,TCA,
scaffold8,46521751,AAAG,"A,GAAG,TAAG",
scaffold8,46521753,A,"*,G",
scaffold8,46521754,G,"*,T",
scaffold8,46521773,TTTTGGTATGC,"GTTTGGTATGC,T,CTTTGGTATGC",
scaffold8,46521775,T,"C,*,G",
scaffold8,46521776,TG,"T,TTTGG,CG,*",
scaffold8,46521778,G,"A,*,T",
scaffold8,46522145,TTTGGTATTTATGTATGTATTTCATTATATATATGCTTGTGACTTGTTTTTAAAATTATCCATGTCGTC,"*,T,GTTGGTATTTATGTATGTATTTCATTATATATATGCTTGTGACTTGTTTTTAAAATTATCCATGTCGTC",
scaffold8,46522171,ATATATATGCTTGTGACTTGTTTTTAAAATTAT,"*,A,GTATATATGCTTGTGACTTGTTTTTAAAATTAT",
scaffold8,46522180,CTTGTGACTTGTTTTTAAAAT,"*,C,CGCGCGAGCGCGTTGTGACTTGTTTTTAAAAT",
scaffold8,46522191,T,"*,A",
scaffold8,46522194,TTAAAATTA,"*,T",
scaffold8,46522199,A,"*,G",
scaffold8,46522201,T,"*,A,C",
scaffold8,46522203,T,"*,G",
scaffold8,46522204,CCATGTCGTCAAGTTATACGTTTCTGAG,"*,C",
scaffold8,46522206,A,"T,*",
scaffold8,46522207,TG,"*,T",
scaffold8,46522210,CGT,"*,TGT,C",
scaffold8,46522211,G,"*,T",
scaffold10,292661,G,A,
scaffold10,292662,CCATTTTTGGCAGTGTGG,"TCATTTTTGGCAGTGTGG,C",
scaffold10,292663,C,"*,G",
scaffold10,292664,A,"AT,ATT,AC,*",
scaffold10,293247,AAC,A,
scaffold10,293249,CAT,"C,*",
scaffold10,11575516,G,"A,T",
scaffold10,11575517,T,A,
scaffold10,11575520,G,C,
scaffold10,11575521,AG,A,
scaffold10,11575522,G,"A,*,T",
scaffold6,1185258,TCCA,"ACCA,T",
scaffold6,1185260,C,"T,*",
scaffold6,7699099,A,G,
scaffold6,7699100,T,A,
scaffold6,7699101,G,T,
scaffold6,51954344,C,T,
scaffold6,51954345,C,T,
scaffold6,51954347,A,T,
scaffold6,51954348,G,"A,T,C",
scaffold6,51954350,C,"T,A",
scaffold6,51954656,G,T,
scaffold6,51954657,C,G,
scaffold6,51954658,C,"T,A",
scaffold6,51954659,T,"A,C",
scaffold6,51954902,G,"T,A,C",
scaffold6,51957904,AGACAGTTATCGGAATCCTG,"GGACAGTTATCGGAATCCTG,A",
scaffold6,51957911,T,"C,*",
scaffold6,51957912,AT,"GT,CT,TT,A,*",
scaffold4,4643862,G,A,
scaffold4,4643863,C,T,
scaffold4,4643864,A,"G,C",
scaffold4,4643866,G,T,
scaffold4,4660321,A,G,
scaffold4,4660323,T,A,
scaffold4,6418899,C,T,
scaffold4,6418901,C,A,
scaffold4,7262210,G,"T,A",
scaffold4,7262372,TCATAATTTTCTTCATATTTTTCTTCCTTTTCATATTAATTACGTC,T,
scaffold7,5370273,CAACATGTTAGTCATTGTTCTTTTGAGTTACTCCCCATTAGCATTTCTTGTAGATGAATTT,"TAACATGTTAGTCATTGTTCTTTTGAGTTACTCCCCATTAGCATTTCTTGTAGATGAATTT,C,CACATGTTAGTCATTGTTCTTTTGAGTTACTCCCCATTAGCATTTCTTGTAGATGAATTT,AAACATGTTAGTCATTGTTCTTTTGAGTTACTCCCCATTAGCATTTCTTGTAGATGAATTT",
scaffold7,5370274,A,"G,*",
scaffold7,48105123,G,"T,A",
scaffold7,48105124,A,T,
scaffold7,48105132,G,A,
scaffold7,48105152,G,A,
scaffold7,48105170,T,C,
scaffold7,48105171,C,T,
scaffold7,48105173,C,"T,A",
scaffold7,48105183,C,A,
scaffold7,48105184,A,C,
scaffold7,48105218,C,T,
scaffold7,48105237,G,"T,A",
scaffold7,48105238,G,A,
scaffold7,48105259,T,TA,
scaffold7,48105267,T,"A,G",
scaffold7,48105282,C,T,
scaffold7,48105283,A,"G,T",
scaffold7,48105287,AAAT,"TAAT,A",
scaffold7,48105288,A,"*,T",
scaffold7,48105289,A,"*,G",
scaffold7,48105296,TCTTTTA,"*,T,TTTTTA",
scaffold7,48105300,TTATTGGTTTA,"*,TTTGGTTTA,T,CTATTGGTTTA",
scaffold7,48105301,T,"G,*",
scaffold7,48105307,TTTATCCTTCTATATTTTAAC,"ATTATCCTTCTATATTTTAAC,T,*,GTTATCCTTCTATATTTTAAC",
scaffold7,48105316,C,"A,*,T,G",
scaffold7,48105318,ATATTTTAACT,"*,TTATTTTAACT,CTATTTTAACT,A",
scaffold7,48105322,TTTAAC,"*,GTTAAC,T",
scaffold7,48105323,TTAAC,"GTAAC,*,T",
scaffold7,48105324,T,"C,*,G",
scaffold7,48105325,A,"*,T",
scaffold7,48105328,TTATTCTTCTCCATTTTA,"GTATTCTTCTCCATTTTA,T,CTATTCTTCTCCATTTTA,*",
scaffold7,48105335,TCTC,"T,*,CCTC,GCTC",
scaffold7,48105336,C,"*,T",
scaffold7,48105337,T,"*,C",
scaffold7,48105364,CTGTACTGCTCTTCTTATTAGACGCCATTTGCTATTGTTGAGATGTTTCTTACCATTTTATGAGCTTTTTTGTGTT,"ATGTACTGCTCTTCTTATTAGACGCCATTTGCTATTGTTGAGATGTTTCTTACCATTTTATGAGCTTTTTTGTGTT,TTGTACTGCTCTTCTTATTAGACGCCATTTGCTATTGTTGAGATGTTTCTTACCATTTTATGAGCTTTTTTGTGTT,CCTTCTTATTAGACGCCATTTGCTATTGTTGAGATGTTTCTTACCATTTTATGAGCTTTTTTGTGTT,C",
scaffold7,48105366,G,"*,T,GACTCACCCAGACTTGCAACGGCACACGAGCTTCCTAAATCAATTGTGCAAAATAAAAGCAAA",
scaffold7,48105368,A,"C,*,G",
scaffold7,48105369,C,"T,G,*",
scaffold7,48105370,T,"*,A",
scaffold7,48105378,TTATTAGACGCC,"T,*,GTATTAGACGCC",
scaffold7,48105381,T,"A,*",
scaffold7,48105382,T,"*,C",
scaffold7,48105383,AG,"A,*,GG",
scaffold7,48105384,G,"*,A",
scaffold7,48105389,CA,"TA,*,C",
scaffold7,48105390,A,"G,*",
scaffold7,48105408,GT,"TT,AT,G",
scaffold7,48105409,T,"G,*",
scaffold7,48105417,C,G,
scaffold7,48105418,A,G,
scaffold7,48105426,A,T,
scaffold7,48105427,G,A,
scaffold7,48105428,CT,C,
scaffold7,48105430,T,A,
scaffold7,48105445,ACTGTTACT,"A,*",
scaffold7,48105487,GAATATGT,G,
scaffold7,48105489,A,"G,T,*",
scaffold7,48105490,T,"C,*",
scaffold7,48105496,G,A,
scaffold7,48105583,T,C,
scaffold7,48105589,T,A,
scaffold7,48105624,T,C,
scaffold7,48105626,A,G,
scaffold7,48105634,G,A,
scaffold7,48105645,C,T,
scaffold7,48105646,GA,G,
scaffold7,48105725,T,C,
scaffold7,48105743,T,A,
scaffold7,48105744,G,T,
scaffold7,48105753,T,"C,A",
scaffold7,48105766,T,G,
scaffold7,48105830,TGCAGTGGCTAAAATC,T,
scaffold7,48105839,TAAAATCGTA,"*,T",
scaffold7,48105849,C,"A,T",
scaffold7,48105850,T,A,
scaffold7,48105856,A,T,
scaffold7,48105867,GGTGT,G,
scaffold7,48105882,TCCTCGC,T,
scaffold7,48105883,C,"T,*",
scaffold7,48105889,A,"T,AT,ACTT",
scaffold7,48105914,GAA,"AAA,G",
scaffold7,48105916,A,"G,*",
scaffold7,48105921,G,T,
scaffold7,48105922,T,C,
scaffold7,48105943,GCTCTTGGATTTTCA,"G,*,ACTCTTGGATTTTCA",
scaffold7,48105946,CT,"*,C",
scaffold7,48106003,TAAGGTTCCAACAGTTGGGTGGAA,"CAAGGTTCCAACAGTTGGGTGGAA,GAAGGTTCCAACAGTTGGGTGGAA,T,*,AAAGGTTCCAACAGTTGGGTGGAA",
scaffold7,48106014,C,"*,T",
scaffold7,48106015,A,"C,*",
scaffold7,48106020,G,"A,C,*",
scaffold7,48106021,G,"A,*",
scaffold7,48106030,ATTCCATGATTTGGGCAGAAGCTGCTCTCAGCTGCTTTGAGTATACAGGACAAAT,A,
scaffold7,48106032,TCC,"T,*",
scaffold7,48106033,C,"*,T",
scaffold7,52057699,C,"A,T",
scaffold2,7467702,G,GAAGAAGTAGT,
scaffold2,7467798,G,A,
scaffold2,7467850,G,A,
scaffold2,41667130,GTCTTAGTTTAAAGCTCCTTAAGGGTGTA,"ATCTTAGTTTAAAGCTCCTTAAGGGTGTA,G",
scaffold2,41667133,TTAGTTTAAAGCTCCTTAAGGGTGTAGTTAGAAATCGTGGGTAATCTTGCC,"*,GTAGTTTAAAGCTCCTTAAGGGTGTAGTTAGAAATCGTGGGTAATCTTGCC,CTAGTTTAAAGCTCCTTAAGGGTGTAGTTAGAAATCGTGGGTAATCTTGCC,T",
scaffold2,41667136,GTTTAAAGCTCCTTAAGGGTGTAGT,"*,ATTTAAAGCTCCTTAAGGGTGTAGT,G",
scaffold2,41667148,TTAAGGGTGTA,"*,T",
scaffold2,41667151,AGGGTGTAGTTAGAAATCGTGGGTAATCTTGCCTATTCATAGAAACT,"*,A",
scaffold2,41667152,G,"A,*",
scaffold2,41667155,TGTA,"T,*",
scaffold2,54650737,TTGGAGAA,"GTGGAGAA,T",
scaffold5,10002065,ACTGAATTTAACCGTGATTAC,"A,GCTGAATTTAACCGTGATTAC",
scaffold5,10002084,ACAACAAATATCC,"A,*",
scaffold5,10002085,C,"*,T,G",
scaffold5,10002088,C,"*,T,A",
scaffold5,48418820,TATTTTGAAACTGGTTGTATCTTAGA,"CATTTTGAAACTGGTTGTATCTTAGA,*,T",
scaffold5,48418836,GTA,"*,G",
scaffold5,48418839,T,"A,TCTTAGA,*",
scaffold5,48418840,C,"T,*",
scaffold5,48418841,T,"G,*",
scaffold5,48418842,TAG,"T,*",
scaffold5,49469591,CACCCGGATTTCCTCCAGTATCTTCTTTCGCTGGCCGCCATTTTCACCCGCCGCCTGGAGATCGATCGTCGGA,"C,*,TACCCGGATTTCCTCCAGTATCTTCTTTCGCTGGCCGCCATTTTCACCCGCCGCCTGGAGATCGATCGTCGGA",
scaffold5,49469629,C,"*,T",
scaffold5,49469630,A,"G,*",
scaffold5,49469631,T,"*,C",
scaffold5,53210498,C,A,
scaffold5,53210513,G,A,
scaffold5,53210516,T,A,
scaffold5,53210517,G,C,
scaffold5,53210531,C,T,
scaffold5,53210555,A,G,
scaffold9,48375223,A,G,
scaffold9,48375224,G,"A,C",
scaffold13,42344290,T,"G,A",
scaffold3,1888597,ACTGTT,A,
scaffold3,1994050,C,"T,A,G",
scaffold3,1994051,G,T,
scaffold3,4691589,AAAGTG,"GAAGTG,TAAGTG,A",
scaffold3,4691592,G,"*,C",
scaffold3,4691594,G,"A,T",
scaffold3,4691595,T,"C,A",
scaffold3,4691596,TATC,T,
scaffold3,4691597,ATCTCAAAACATGAAGACATG,"A,*,ACTCAAAACATGAAGACATG",
scaffold3,4691599,C,"*,T",
scaffold3,6043092,T,"G,A",
scaffold15,42144934,AG,"A,CG",
