Hannah_Begonia_baits-ACmerged_contig_10054	scaffold11	97.572	906	43900772	43901677	46644841	0.0	1550
Hannah_Begonia_baits-ACmerged_contig_10054	scaffold11	92.000	300	43903548	43903846	46644841	1.05e-111	409
Hannah_Begonia_baits-ACmerged_contig_10054	scaffold11	97.315	149	43902069	43902217	46644841	5.23e-65	254
Hannah_Begonia_baits-ACmerged_contig_10054	scaffold11	96.970	132	43902795	43902925	46644841	5.30e-55	220
Hannah_Begonia_baits-ACmerged_contig_10054	scaffold11	90.588	170	43900066	43900229	46644841	1.91e-54	219
Hannah_Begonia_baits-ACmerged_contig_10054	scaffold11	97.581	124	43903323	43903446	46644841	8.87e-53	213
Hannah_Begonia_baits-ACmerged_contig_10054	scaffold11	98.718	78	43902578	43902655	46644841	1.53e-30	139
Hannah_Begonia_baits-ACmerged_contig_10054	scaffold11	100.000	63	43902442	43902504	46644841	7.15e-24	117
Hannah_Begonia_baits-ACmerged_contig_10054	scaffold11	98.462	65	43901941	43902005	46644841	2.57e-23	115
Hannah_Begonia_baits-ACmerged_contig_10054	scaffold11	100.000	60	43902295	43902354	46644841	3.33e-22	111
Hannah_Begonia_baits-ACmerged_contig_10054	scaffold13	89.412	170	41445098	41444935	46025341	4.13e-51	207
Hannah_Begonia_baits-ACmerged_contig_10054	scaffold7	79.224	799	23113609	23112820	52515067	3.58e-151	540
Hannah_Begonia_baits-ACmerged_contig_1011	scaffold1	98.664	524	6657838	6657315	84930515	0.0	929
Hannah_Begonia_baits-ACmerged_contig_1011	scaffold1	100.000	272	6657182	6656911	84930515	2.87e-140	503
Hannah_Begonia_baits-ACmerged_contig_1011	scaffold1	99.257	269	6655561	6655293	84930515	2.89e-135	486
Hannah_Begonia_baits-ACmerged_contig_1011	scaffold10	81.262	523	43166748	43166226	49116582	2.30e-116	424
Hannah_Begonia_baits-ACmerged_contig_1011	scaffold5	90.458	524	4743749	4744272	53633373	0.0	691
Hannah_Begonia_baits-ACmerged_contig_1011	scaffold5	92.727	275	4744388	4744662	53633373	1.39e-108	398
Hannah_Begonia_baits-ACmerged_contig_1011	scaffold5	90.530	264	4745685	4745948	53633373	3.96e-94	350
Hannah_Begonia_baits-ACmerged_contig_10412	scaffold14	97.590	498	35881807	35881312	45922387	0.0	846
Hannah_Begonia_baits-ACmerged_contig_10412	scaffold14	96.212	264	35877932	35877669	45922387	3.54e-119	433
Hannah_Begonia_baits-ACmerged_contig_10412	scaffold14	99.225	129	35878679	35878551	45922387	3.86e-59	233
Hannah_Begonia_baits-ACmerged_contig_10412	scaffold14	99.115	113	35880499	35880387	45922387	3.03e-50	204
Hannah_Begonia_baits-ACmerged_contig_10412	scaffold14	100.000	84	35880662	35880579	45922387	8.59e-36	156
Hannah_Begonia_baits-ACmerged_contig_1065	scaffold2	99.435	177	49019263	49019439	56708189	9.09e-86	322
Hannah_Begonia_baits-ACmerged_contig_1065	scaffold2	99.375	160	49017662	49017821	56708189	2.56e-76	291
Hannah_Begonia_baits-ACmerged_contig_1065	scaffold2	100.000	138	49016427	49016564	56708189	9.35e-66	255
Hannah_Begonia_baits-ACmerged_contig_1065	scaffold2	99.259	135	49018196	49018330	56708189	2.02e-62	244
Hannah_Begonia_baits-ACmerged_contig_1065	scaffold2	100.000	130	49018422	49018551	56708189	2.62e-61	241
Hannah_Begonia_baits-ACmerged_contig_1065	scaffold2	97.710	131	49017902	49018032	56708189	7.33e-57	226
Hannah_Begonia_baits-ACmerged_contig_1065	scaffold2	98.182	110	49018694	49018803	56708189	7.44e-47	193
Hannah_Begonia_baits-ACmerged_contig_1065	scaffold2	98.980	98	49016153	49016250	56708189	7.49e-42	176
Hannah_Begonia_baits-ACmerged_contig_1065	scaffold2	100.000	79	49017329	49017407	56708189	5.87e-33	147
Hannah_Begonia_baits-ACmerged_contig_1065	scaffold2	100.000	79	49018887	49018965	56708189	5.87e-33	147
Hannah_Begonia_baits-ACmerged_contig_1065	scaffold2	98.630	73	49019061	49019133	56708189	5.91e-28	130
Hannah_Begonia_baits-ACmerged_contig_1065	scaffold2	98.387	62	49017168	49017229	56708189	7.70e-22	110
Hannah_Begonia_baits-ACmerged_contig_1065	scaffold5	91.304	138	48408745	48408882	53633373	9.62e-46	189
Hannah_Begonia_baits-ACmerged_contig_1065	scaffold5	88.288	111	48411136	48411245	53633373	1.64e-28	132
Hannah_Begonia_baits-ACmerged_contig_1065	scaffold5	87.273	110	48410774	48410882	53633373	2.75e-26	124
Hannah_Begonia_baits-ACmerged_contig_1065	scaffold6	93.855	179	51320497	51320319	52559209	3.34e-70	270
Hannah_Begonia_baits-ACmerged_contig_1065	scaffold6	95.000	160	51322060	51321901	52559209	1.21e-64	252
Hannah_Begonia_baits-ACmerged_contig_1065	scaffold6	95.385	130	51321317	51321188	52559209	2.66e-51	207
Hannah_Begonia_baits-ACmerged_contig_1065	scaffold6	92.857	126	51321522	51321397	52559209	4.48e-44	183
Hannah_Begonia_baits-ACmerged_contig_1065	scaffold6	91.818	110	51321056	51320947	52559209	3.51e-35	154
Hannah_Begonia_baits-ACmerged_contig_1065	scaffold6	94.937	79	51322406	51322328	52559209	2.75e-26	124
Hannah_Begonia_baits-ACmerged_contig_10858	scaffold12	95.097	673	7224468	7225134	46145620	0.0	1051
Hannah_Begonia_baits-ACmerged_contig_10858	scaffold12	95.089	672	8274842	8275507	46145620	0.0	1050
Hannah_Begonia_baits-ACmerged_contig_10858	scaffold12	100.000	399	7226210	7226608	46145620	0.0	737
Hannah_Begonia_baits-ACmerged_contig_10858	scaffold12	100.000	399	8276602	8277000	46145620	0.0	737
Hannah_Begonia_baits-ACmerged_contig_10858	scaffold12	98.251	343	7226857	7227199	46145620	1.13e-169	601
Hannah_Begonia_baits-ACmerged_contig_10858	scaffold12	98.251	343	8277248	8277590	46145620	1.13e-169	601
Hannah_Begonia_baits-ACmerged_contig_10867	scaffold1	96.768	495	74002410	74001918	84930515	0.0	822
Hannah_Begonia_baits-ACmerged_contig_10867	scaffold1	95.876	194	73997647	73997455	84930515	5.19e-83	313
Hannah_Begonia_baits-ACmerged_contig_10867	scaffold1	95.876	194	73998485	73998293	84930515	5.19e-83	313
Hannah_Begonia_baits-ACmerged_contig_10867	scaffold1	97.973	148	74000514	74000367	84930515	2.47e-66	257
Hannah_Begonia_baits-ACmerged_contig_10867	scaffold1	97.500	120	74001603	74001484	84930515	9.06e-51	206
Hannah_Begonia_baits-ACmerged_contig_10867	scaffold1	96.970	66	74000655	74000591	84930515	7.31e-22	110
Hannah_Begonia_baits-ACmerged_contig_10867	scaffold4	90.566	159	4754289	4754447	53895534	1.95e-52	211
Hannah_Begonia_baits-ACmerged_contig_10867	scaffold4	96.491	114	4750836	4750948	53895534	3.28e-45	187
Hannah_Begonia_baits-ACmerged_contig_10984	scaffold3	93.103	174	3345186	3345013	55665139	1.23e-65	255
Hannah_Begonia_baits-ACmerged_contig_10984	scaffold3	89.000	200	3344702	3344503	55665139	2.05e-63	248
Hannah_Begonia_baits-ACmerged_contig_10984	scaffold3	91.279	172	3345488	3345317	55665139	1.60e-59	235
Hannah_Begonia_baits-ACmerged_contig_10984	scaffold3	90.722	97	3344383	3344288	55665139	2.79e-27	128
Hannah_Begonia_baits-ACmerged_contig_10984	scaffold8	98.222	450	46731399	46731848	51801790	0.0	787
Hannah_Begonia_baits-ACmerged_contig_10984	scaffold8	95.949	469	46733452	46733920	51801790	0.0	760
Hannah_Begonia_baits-ACmerged_contig_10984	scaffold8	100.000	172	46732024	46732195	51801790	1.54e-84	318
Hannah_Begonia_baits-ACmerged_contig_10984	scaffold8	95.431	197	46732811	46733007	51801790	2.00e-83	315
Hannah_Begonia_baits-ACmerged_contig_10984	scaffold8	98.851	174	46732372	46732545	51801790	2.58e-82	311
Hannah_Begonia_baits-ACmerged_contig_10984	scaffold8	99.200	125	46733092	46733216	51801790	9.62e-57	226
Hannah_Begonia_baits-ACmerged_contig_10984	scaffold8	98.319	119	46732620	46732738	51801790	9.69e-52	209
Hannah_Begonia_baits-ACmerged_contig_10984	scaffold8	94.309	123	46718902	46719024	51801790	1.26e-45	189
Hannah_Begonia_baits-ACmerged_contig_10984	scaffold8	96.203	79	46733291	46733369	51801790	7.76e-28	130
Hannah_Begonia_baits-ACmerged_contig_10985	scaffold8	97.731	573	46515559	46514987	51801790	0.0	987
Hannah_Begonia_baits-ACmerged_contig_10985	scaffold8	98.842	518	46520557	46520040	51801790	0.0	924
Hannah_Begonia_baits-ACmerged_contig_10985	scaffold8	96.407	334	46517420	46517087	51801790	1.96e-153	547
Hannah_Begonia_baits-ACmerged_contig_10985	scaffold8	97.674	129	46521926	46521798	51801790	1.35e-55	222
Hannah_Begonia_baits-ACmerged_contig_10985	scaffold8	94.949	99	46521510	46521413	51801790	4.99e-35	154
Hannah_Begonia_baits-ACmerged_contig_10985	scaffold8	100.000	76	46521347	46521272	51801790	3.88e-31	141
Hannah_Begonia_baits-ACmerged_contig_10985	scaffold8	97.059	68	46526451	46526384	51801790	2.35e-23	115
Hannah_Begonia_baits-ACmerged_contig_11154	scaffold10	94.867	565	293568	294121	49116582	0.0	869
Hannah_Begonia_baits-ACmerged_contig_11154	scaffold10	93.909	197	290310	290504	49116582	2.03e-77	294
Hannah_Begonia_baits-ACmerged_contig_11154	scaffold10	97.297	148	291606	291753	49116582	1.24e-64	252
Hannah_Begonia_baits-ACmerged_contig_11154	scaffold10	99.225	129	291384	291512	49116582	4.50e-59	233
Hannah_Begonia_baits-ACmerged_contig_11154	scaffold10	98.450	129	291865	291993	49116582	2.09e-57	228
Hannah_Begonia_baits-ACmerged_contig_11154	scaffold10	97.345	113	292098	292209	49116582	2.75e-46	191
Hannah_Begonia_baits-ACmerged_contig_11154	scaffold10	100.000	62	292513	292574	49116582	1.70e-23	115
Hannah_Begonia_baits-ACmerged_contig_11154	scaffold10	100.000	58	291257	291314	49116582	2.84e-21	108
Hannah_Begonia_baits-ACmerged_contig_1190	scaffold2	81.300	2262	45110282	45108033	56708189	0.0	1808
Hannah_Begonia_baits-ACmerged_contig_1190	scaffold2	82.036	1002	45111976	45110980	56708189	0.0	833
Hannah_Begonia_baits-ACmerged_contig_1190	scaffold6	96.646	3667	51954127	51957791	52559209	0.0	6080
Hannah_Begonia_baits-ACmerged_contig_1190	scaffold6	95.668	277	51953744	51954020	52559209	2.37e-121	442
Hannah_Begonia_baits-ACmerged_contig_1195	scaffold14	97.510	241	40341347	40341587	45922387	6.75e-113	412
Hannah_Begonia_baits-ACmerged_contig_1195	scaffold14	97.095	241	40858216	40858456	45922387	3.14e-111	407
Hannah_Begonia_baits-ACmerged_contig_1195	scaffold14	94.118	238	40350382	40350615	45922387	1.49e-94	351
Hannah_Begonia_baits-ACmerged_contig_1195	scaffold14	94.118	238	40875150	40875383	45922387	1.49e-94	351
Hannah_Begonia_baits-ACmerged_contig_1195	scaffold14	99.401	167	40343067	40343233	45922387	4.24e-80	303
Hannah_Begonia_baits-ACmerged_contig_1195	scaffold14	98.802	167	40860814	40860980	45922387	1.97e-78	298
Hannah_Begonia_baits-ACmerged_contig_1195	scaffold14	100.000	140	40349159	40349298	45922387	9.31e-67	259
Hannah_Begonia_baits-ACmerged_contig_1195	scaffold14	99.286	140	40873927	40874066	45922387	4.33e-65	254
Hannah_Begonia_baits-ACmerged_contig_1195	scaffold14	100.000	130	40348913	40349042	45922387	3.37e-61	241
Hannah_Begonia_baits-ACmerged_contig_1195	scaffold14	96.503	143	40873668	40873810	45922387	4.36e-60	237
Hannah_Begonia_baits-ACmerged_contig_1195	scaffold14	97.638	127	40342692	40342818	45922387	1.58e-54	219
Hannah_Begonia_baits-ACmerged_contig_1195	scaffold14	97.638	127	40859466	40859592	45922387	1.58e-54	219
Hannah_Begonia_baits-ACmerged_contig_1195	scaffold14	97.638	127	40860439	40860565	45922387	1.58e-54	219
Hannah_Begonia_baits-ACmerged_contig_1195	scaffold14	100.000	100	40874795	40874894	45922387	1.60e-44	185
Hannah_Begonia_baits-ACmerged_contig_1195	scaffold14	100.000	95	40348552	40348646	45922387	9.64e-42	176
Hannah_Begonia_baits-ACmerged_contig_1195	scaffold14	100.000	95	40873320	40873414	45922387	9.64e-42	176
Hannah_Begonia_baits-ACmerged_contig_1195	scaffold14	98.000	100	40350030	40350129	45922387	3.47e-41	174
Hannah_Begonia_baits-ACmerged_contig_1195	scaffold14	98.824	85	40343612	40343696	45922387	1.62e-34	152
Hannah_Begonia_baits-ACmerged_contig_1195	scaffold14	98.824	85	40861336	40861420	45922387	1.62e-34	152
Hannah_Begonia_baits-ACmerged_contig_1195	scaffold14	98.780	82	40342907	40342988	45922387	7.56e-33	147
Hannah_Begonia_baits-ACmerged_contig_1195	scaffold14	97.590	83	40343428	40343510	45922387	9.78e-32	143
Hannah_Begonia_baits-ACmerged_contig_1195	scaffold14	97.590	83	40861152	40861234	45922387	9.78e-32	143
Hannah_Begonia_baits-ACmerged_contig_1195	scaffold14	97.561	82	40860654	40860735	45922387	3.52e-31	141
Hannah_Begonia_baits-ACmerged_contig_1195	scaffold14	100.000	69	40343959	40344027	45922387	2.74e-27	128
Hannah_Begonia_baits-ACmerged_contig_1195	scaffold14	100.000	69	40861683	40861751	45922387	2.74e-27	128
Hannah_Begonia_baits-ACmerged_contig_1195	scaffold14	98.592	71	40350226	40350296	45922387	9.85e-27	126
Hannah_Begonia_baits-ACmerged_contig_1195	scaffold14	98.592	71	40874994	40875064	45922387	9.85e-27	126
Hannah_Begonia_baits-ACmerged_contig_1195	scaffold14	100.000	67	40344129	40344195	45922387	3.54e-26	124
Hannah_Begonia_baits-ACmerged_contig_1195	scaffold14	100.000	67	40861842	40861908	45922387	3.54e-26	124
Hannah_Begonia_baits-ACmerged_contig_13251	scaffold14	82.759	841	2887353	2888189	45922387	0.0	743
Hannah_Begonia_baits-ACmerged_contig_13251	scaffold14	92.500	160	2886413	2886572	45922387	8.38e-58	230
Hannah_Begonia_baits-ACmerged_contig_13865	scaffold15	92.366	131	5616315	5616185	45110588	2.85e-45	187
Hannah_Begonia_baits-ACmerged_contig_13865	scaffold3	92.596	986	14684760	14685722	55665139	0.0	1375
Hannah_Begonia_baits-ACmerged_contig_13865	scaffold9	97.122	139	32530069	32529932	49791573	3.61e-59	233
Hannah_Begonia_baits-ACmerged_contig_13865	scaffold9	97.122	139	46834099	46834236	49791573	3.61e-59	233
Hannah_Begonia_baits-ACmerged_contig_13889	scaffold4	85.419	1598	22382050	22383629	53895534	0.0	1635
Hannah_Begonia_baits-ACmerged_contig_13942	scaffold1	97.638	762	82670687	82669927	84930515	0.0	1306
Hannah_Begonia_baits-ACmerged_contig_13942	scaffold1	98.614	433	82669851	82669419	84930515	0.0	767
Hannah_Begonia_baits-ACmerged_contig_13942	scaffold1	97.508	321	82669177	82668857	84930515	2.49e-153	547
Hannah_Begonia_baits-ACmerged_contig_13942	scaffold1	95.886	316	82667966	82667651	84930515	3.26e-142	510
Hannah_Begonia_baits-ACmerged_contig_13942	scaffold1	94.860	214	82668636	82668423	84930515	2.11e-89	335
Hannah_Begonia_baits-ACmerged_contig_13942	scaffold1	96.032	126	82668341	82668218	84930515	6.20e-50	204
Hannah_Begonia_baits-ACmerged_contig_13942	scaffold1	99.048	105	82669354	82669250	84930515	1.74e-45	189
Hannah_Begonia_baits-ACmerged_contig_13942	scaffold1	96.970	99	82668139	82668041	84930515	2.93e-38	165
Hannah_Begonia_baits-ACmerged_contig_14003	scaffold13	87.352	253	43500620	43500872	46025341	1.37e-75	289
Hannah_Begonia_baits-ACmerged_contig_14003	scaffold14	98.874	1243	33043311	33044553	45922387	0.0	2218
Hannah_Begonia_baits-ACmerged_contig_14003	scaffold14	98.350	303	33042766	33043068	45922387	5.72e-149	532
Hannah_Begonia_baits-ACmerged_contig_14003	scaffold14	99.379	161	33041723	33041883	45922387	1.06e-76	292
Hannah_Begonia_baits-ACmerged_contig_14003	scaffold14	97.248	109	33041169	33041276	45922387	6.64e-44	183
Hannah_Begonia_baits-ACmerged_contig_14003	scaffold14	98.876	89	33042536	33042624	45922387	1.12e-36	159
Hannah_Begonia_baits-ACmerged_contig_14003	scaffold14	100.000	80	33041350	33041429	45922387	2.42e-33	148
Hannah_Begonia_baits-ACmerged_contig_14003	scaffold15	87.580	1256	351368	350114	45110588	0.0	1439
Hannah_Begonia_baits-ACmerged_contig_14003	scaffold15	88.514	296	351879	351587	45110588	1.33e-95	355
Hannah_Begonia_baits-ACmerged_contig_14003	scaffold15	93.258	89	352112	352024	45110588	2.44e-28	132
Hannah_Begonia_baits-ACmerged_contig_14583	scaffold1	83.881	1005	68512558	68513548	84930515	0.0	942
Hannah_Begonia_baits-ACmerged_contig_14583	scaffold4	98.506	1539	6418313	6416780	53895534	0.0	2708
Hannah_Begonia_baits-ACmerged_contig_14599	scaffold7	96.429	420	42224554	42224138	52515067	0.0	689
Hannah_Begonia_baits-ACmerged_contig_14599	scaffold7	97.479	357	42225062	42224706	52515067	1.76e-172	610
Hannah_Begonia_baits-ACmerged_contig_14599	scaffold7	97.360	303	42226198	42225896	52515067	3.94e-144	516
Hannah_Begonia_baits-ACmerged_contig_14599	scaffold7	95.074	203	42225808	42225606	52515067	3.32e-85	320
Hannah_Begonia_baits-ACmerged_contig_14599	scaffold7	98.889	90	42223169	42223080	52515067	2.13e-37	161
Hannah_Begonia_baits-ACmerged_contig_1474	scaffold1	81.739	230	84448523	84448295	84930515	1.99e-46	191
Hannah_Begonia_baits-ACmerged_contig_1474	scaffold11	91.167	317	5390108	5389792	46644841	1.08e-118	431
Hannah_Begonia_baits-ACmerged_contig_1474	scaffold11	91.640	311	5130310	5130620	46644841	1.08e-118	431
Hannah_Begonia_baits-ACmerged_contig_1474	scaffold11	92.593	270	5128364	5128633	46644841	6.57e-106	388
Hannah_Begonia_baits-ACmerged_contig_1474	scaffold11	93.182	264	5392950	5392687	46644841	6.57e-106	388
Hannah_Begonia_baits-ACmerged_contig_1474	scaffold12	80.876	251	1419791	1419541	46145620	4.28e-48	196
Hannah_Begonia_baits-ACmerged_contig_1474	scaffold14	81.443	291	44390203	44389913	45922387	7.00e-61	239
Hannah_Begonia_baits-ACmerged_contig_1474	scaffold14	81.100	291	44196870	44197160	45922387	3.26e-59	233
Hannah_Begonia_baits-ACmerged_contig_1474	scaffold7	98.107	317	5369022	5368706	52515067	2.20e-155	553
Hannah_Begonia_baits-ACmerged_contig_1474	scaffold7	100.000	270	5370197	5369928	52515067	2.91e-139	499
Hannah_Begonia_baits-ACmerged_contig_1474	scaffold7	98.765	243	5370673	5370431	52515067	2.99e-119	433
Hannah_Begonia_baits-ACmerged_contig_14982	scaffold11	97.446	509	6230456	6230964	46644841	0.0	869
Hannah_Begonia_baits-ACmerged_contig_14982	scaffold11	96.721	122	6230236	6230357	46644841	1.67e-50	204
Hannah_Begonia_baits-ACmerged_contig_14982	scaffold8	94.215	121	21947270	21947150	51801790	6.05e-45	185
Hannah_Begonia_baits-ACmerged_contig_14982	scaffold8	94.505	91	22096356	22096266	51801790	1.33e-31	141
Hannah_Begonia_baits-ACmerged_contig_15365	scaffold1	99.374	479	3681103	3681581	84930515	0.0	869
Hannah_Begonia_baits-ACmerged_contig_15365	scaffold1	92.674	273	3684258	3684530	84930515	3.17e-103	379
Hannah_Begonia_baits-ACmerged_contig_15365	scaffold1	97.531	81	3684099	3684179	84930515	5.86e-31	139
Hannah_Begonia_baits-ACmerged_contig_1641	scaffold2	98.664	1422	54650595	54649174	56708189	0.0	2521
Hannah_Begonia_baits-ACmerged_contig_1641	scaffold2	98.864	704	54648998	54648295	56708189	0.0	1256
Hannah_Begonia_baits-ACmerged_contig_1641	scaffold6	81.712	1460	50459069	50457636	52559209	0.0	1158
Hannah_Begonia_baits-ACmerged_contig_16725	scaffold5	97.071	239	53209223	53209460	53633373	2.55e-110	401
Hannah_Begonia_baits-ACmerged_contig_16725	scaffold5	100.000	86	53210331	53210416	53633373	1.69e-37	159
Hannah_Begonia_baits-ACmerged_contig_16929	scaffold10	98.202	1724	11574318	11576032	49116582	0.0	3003
Hannah_Begonia_baits-ACmerged_contig_17065	scaffold1	99.071	646	4161157	4160512	84930515	0.0	1160
Hannah_Begonia_baits-ACmerged_contig_17065	scaffold1	99.068	322	4160186	4159865	84930515	3.48e-163	579
Hannah_Begonia_baits-ACmerged_contig_17462	scaffold5	98.498	333	49469123	49468791	53633373	1.71e-165	586
Hannah_Begonia_baits-ACmerged_contig_17462	scaffold5	98.897	272	49469592	49469321	53633373	1.78e-135	486
Hannah_Begonia_baits-ACmerged_contig_17462	scaffold5	97.608	209	49468217	49468009	53633373	5.23e-96	355
Hannah_Begonia_baits-ACmerged_contig_17577	scaffold9	97.604	2254	48374784	48377013	49791573	0.0	3842
Hannah_Begonia_baits-ACmerged_contig_17799	scaffold12	98.071	985	27752269	27751286	46145620	0.0	1711
Hannah_Begonia_baits-ACmerged_contig_18436	scaffold14	98.333	240	2346793	2346554	45922387	7.22e-116	422
Hannah_Begonia_baits-ACmerged_contig_18436	scaffold14	97.183	213	2345654	2345443	45922387	2.06e-96	357
Hannah_Begonia_baits-ACmerged_contig_18436	scaffold14	100.000	150	2351230	2351081	45922387	1.65e-72	278
Hannah_Begonia_baits-ACmerged_contig_18436	scaffold14	98.561	139	2350527	2350389	45922387	4.66e-63	246
Hannah_Begonia_baits-ACmerged_contig_18436	scaffold14	98.540	137	2347726	2347591	45922387	2.17e-61	241
Hannah_Begonia_baits-ACmerged_contig_18436	scaffold14	100.000	105	2344878	2344774	45922387	1.71e-47	195
Hannah_Begonia_baits-ACmerged_contig_18436	scaffold14	100.000	64	2349259	2349196	45922387	1.06e-24	119
Hannah_Begonia_baits-ACmerged_contig_18436	scaffold14	100.000	58	2344387	2344330	45922387	2.29e-21	108
Hannah_Begonia_baits-ACmerged_contig_1948	scaffold1	87.465	710	83726817	83727526	84930515	0.0	819
Hannah_Begonia_baits-ACmerged_contig_1948	scaffold1	85.526	532	83726184	83726709	84930515	3.64e-151	540
Hannah_Begonia_baits-ACmerged_contig_1948	scaffold1	86.099	223	83727612	83727834	84930515	1.49e-60	239
Hannah_Begonia_baits-ACmerged_contig_1948	scaffold1	85.526	228	83725946	83726168	84930515	6.93e-59	233
Hannah_Begonia_baits-ACmerged_contig_1948	scaffold5	97.423	815	53458549	53457738	53633373	0.0	1386
Hannah_Begonia_baits-ACmerged_contig_1948	scaffold5	98.732	710	53457660	53456951	53633373	0.0	1262
Hannah_Begonia_baits-ACmerged_contig_1948	scaffold5	98.034	356	53459013	53458658	53633373	4.55e-175	619
Hannah_Begonia_baits-ACmerged_contig_1948	scaffold5	97.297	222	53456879	53456658	53633373	3.02e-102	377
Hannah_Begonia_baits-ACmerged_contig_2022	scaffold10	90.326	920	6112549	6111630	49116582	0.0	1206
Hannah_Begonia_baits-ACmerged_contig_2022	scaffold13	99.130	920	42344061	42343142	46025341	0.0	1655
Hannah_Begonia_baits-ACmerged_contig_2022	scaffold7	79.826	803	48748919	48749717	52515067	1.26e-162	577
Hannah_Begonia_baits-ACmerged_contig_2123	scaffold11	97.822	505	10885586	10885082	46644841	0.0	872
Hannah_Begonia_baits-ACmerged_contig_2123	scaffold11	99.329	298	10884428	10884131	46644841	2.97e-151	540
Hannah_Begonia_baits-ACmerged_contig_2123	scaffold11	98.944	284	10886137	10885854	46644841	8.38e-142	508
Hannah_Begonia_baits-ACmerged_contig_2123	scaffold11	96.732	153	10886368	10886217	46644841	4.33e-65	254
Hannah_Begonia_baits-ACmerged_contig_2123	scaffold11	99.123	114	10883353	10883466	46644841	1.23e-50	206
Hannah_Begonia_baits-ACmerged_contig_2123	scaffold11	97.436	117	10883720	10883604	46644841	5.73e-49	200
Hannah_Begonia_baits-ACmerged_contig_2123	scaffold11	96.460	113	10885001	10884889	46644841	4.46e-45	187
Hannah_Begonia_baits-ACmerged_contig_2123	scaffold11	98.058	103	10886589	10886487	46644841	2.68e-42	178
Hannah_Begonia_baits-ACmerged_contig_2123	scaffold7	87.327	505	19857889	19858393	52515067	6.29e-163	579
Hannah_Begonia_baits-ACmerged_contig_2123	scaffold7	86.071	280	19857409	19857687	52515067	5.49e-79	300
Hannah_Begonia_baits-ACmerged_contig_21365	scaffold1	98.340	241	2527927	2527687	84930515	1.95e-116	424
Hannah_Begonia_baits-ACmerged_contig_21365	scaffold1	100.000	204	2528207	2528004	84930515	1.54e-102	377
Hannah_Begonia_baits-ACmerged_contig_21365	scaffold1	99.024	205	2529902	2529698	84930515	9.25e-100	368
Hannah_Begonia_baits-ACmerged_contig_21365	scaffold1	100.000	183	2528941	2528759	84930515	7.26e-91	339
Hannah_Begonia_baits-ACmerged_contig_21688	scaffold11	97.603	1210	2133464	2132255	46644841	0.0	2073
Hannah_Begonia_baits-ACmerged_contig_21688	scaffold7	79.659	1057	2468698	2467651	52515067	0.0	749
Hannah_Begonia_baits-ACmerged_contig_21869	scaffold1	98.571	700	79741644	79740945	84930515	0.0	1238
Hannah_Begonia_baits-ACmerged_contig_21869	scaffold1	98.438	448	79742502	79742055	84930515	0.0	789
Hannah_Begonia_baits-ACmerged_contig_22419	scaffold11	94.781	1073	8841299	8840227	46644841	0.0	1672
Hannah_Begonia_baits-ACmerged_contig_22419	scaffold11	94.688	1073	8954461	8953389	46644841	0.0	1666
Hannah_Begonia_baits-ACmerged_contig_22419	scaffold7	90.736	734	7560684	7559952	52515067	0.0	974
Hannah_Begonia_baits-ACmerged_contig_22419	scaffold7	97.531	162	7560925	7560764	52515067	1.83e-72	278
Hannah_Begonia_baits-ACmerged_contig_2245	scaffold1	92.520	254	64541011	64540758	84930515	2.13e-98	364
Hannah_Begonia_baits-ACmerged_contig_2245	scaffold1	90.476	189	64539553	64539365	84930515	6.23e-64	250
Hannah_Begonia_baits-ACmerged_contig_2245	scaffold1	89.305	187	64540020	64539834	84930515	1.74e-59	235
Hannah_Begonia_baits-ACmerged_contig_2245	scaffold1	91.150	113	64539740	64539628	84930515	5.03e-35	154
Hannah_Begonia_baits-ACmerged_contig_2245	scaffold1	90.196	102	64540216	64540115	84930515	6.55e-29	134
Hannah_Begonia_baits-ACmerged_contig_2245	scaffold4	97.778	315	7261716	7262030	53895534	2.55e-152	544
Hannah_Begonia_baits-ACmerged_contig_2245	scaffold4	94.813	347	7258864	7259210	53895534	5.52e-149	532
Hannah_Begonia_baits-ACmerged_contig_2245	scaffold4	98.467	261	7259517	7259777	53895534	2.64e-127	460
Hannah_Begonia_baits-ACmerged_contig_2245	scaffold4	99.545	220	7261267	7261486	53895534	1.63e-109	401
Hannah_Begonia_baits-ACmerged_contig_2245	scaffold4	97.209	215	7259865	7260078	53895534	7.67e-98	363
Hannah_Begonia_baits-ACmerged_contig_2245	scaffold4	99.465	187	7260542	7260728	53895534	3.59e-91	340
Hannah_Begonia_baits-ACmerged_contig_2245	scaffold4	98.925	186	7261005	7261190	53895534	6.01e-89	333
Hannah_Begonia_baits-ACmerged_contig_2245	scaffold4	99.138	116	7260817	7260932	53895534	1.06e-51	209
Hannah_Begonia_baits-ACmerged_contig_2245	scaffold4	99.048	105	7260337	7260441	53895534	1.38e-45	189
Hannah_Begonia_baits-ACmerged_contig_2392	scaffold1	95.942	764	83781707	83780951	84930515	0.0	1230
Hannah_Begonia_baits-ACmerged_contig_2392	scaffold5	92.473	186	53422430	53422615	53633373	3.40e-68	263
Hannah_Begonia_baits-ACmerged_contig_2396	scaffold5	95.411	523	9997056	9997573	53633373	0.0	828
Hannah_Begonia_baits-ACmerged_contig_2396	scaffold5	98.361	427	10002207	10002633	53633373	0.0	750
Hannah_Begonia_baits-ACmerged_contig_2396	scaffold5	99.071	323	10001210	10001532	53633373	2.20e-163	580
Hannah_Begonia_baits-ACmerged_contig_2396	scaffold5	98.616	289	10001616	10001904	53633373	8.13e-143	512
Hannah_Begonia_baits-ACmerged_contig_2396	scaffold5	98.261	230	9999548	9999777	53633373	5.10e-110	403
Hannah_Begonia_baits-ACmerged_contig_2396	scaffold5	96.667	120	9997844	9997963	53633373	7.19e-49	200
Hannah_Begonia_baits-ACmerged_contig_2396	scaffold5	98.058	103	9998642	9998744	53633373	9.36e-43	180
Hannah_Begonia_baits-ACmerged_contig_24224	scaffold1	98.584	1130	8216862	8215733	84930515	0.0	1995
Hannah_Begonia_baits-ACmerged_contig_24224	scaffold1	97.222	648	8214727	8214080	84930515	0.0	1085
Hannah_Begonia_baits-ACmerged_contig_24224	scaffold1	99.048	210	8213845	8213636	84930515	3.14e-102	377
Hannah_Begonia_baits-ACmerged_contig_24224	scaffold1	97.260	73	8212828	8212756	84930515	4.52e-26	124
Hannah_Begonia_baits-ACmerged_contig_24274	scaffold3	97.108	415	1993353	1993766	55665139	0.0	699
Hannah_Begonia_baits-ACmerged_contig_24274	scaffold3	99.286	140	1993851	1993990	55665139	1.41e-65	254
Hannah_Begonia_baits-ACmerged_contig_24516	scaffold15	98.267	750	42144114	42143366	45110588	0.0	1308
Hannah_Begonia_baits-ACmerged_contig_24516	scaffold15	100.000	123	42144450	42144328	45110588	1.30e-57	228
Hannah_Begonia_baits-ACmerged_contig_2469	scaffold9	98.858	613	40224337	40223725	49791573	0.0	1094
Hannah_Begonia_baits-ACmerged_contig_2469	scaffold9	96.491	513	40222756	40222244	49791573	0.0	848
Hannah_Begonia_baits-ACmerged_contig_2469	scaffold9	95.108	511	40083784	40083274	49791573	0.0	806
Hannah_Begonia_baits-ACmerged_contig_2469	scaffold9	98.005	401	40221698	40221298	49791573	0.0	697
Hannah_Begonia_baits-ACmerged_contig_2469	scaffold9	96.010	401	40082728	40082328	49791573	0.0	652
Hannah_Begonia_baits-ACmerged_contig_2469	scaffold9	97.167	353	40222170	40221818	49791573	3.34e-168	597
Hannah_Begonia_baits-ACmerged_contig_2469	scaffold9	95.430	372	40106390	40106019	49791573	4.31e-167	593
Hannah_Begonia_baits-ACmerged_contig_2469	scaffold9	96.601	353	40083200	40082848	49791573	7.22e-165	586
Hannah_Begonia_baits-ACmerged_contig_2469	scaffold9	95.935	246	40085017	40084772	49791573	1.01e-108	399
Hannah_Begonia_baits-ACmerged_contig_2469	scaffold9	97.196	214	40223044	40222831	49791573	4.76e-97	361
Hannah_Begonia_baits-ACmerged_contig_2469	scaffold9	96.244	213	40084073	40083861	49791573	1.03e-93	350
Hannah_Begonia_baits-ACmerged_contig_2469	scaffold9	97.537	203	40225101	40225303	49791573	1.03e-93	350
Hannah_Begonia_baits-ACmerged_contig_2469	scaffold9	98.684	152	40183810	40183659	49791573	8.26e-70	270
Hannah_Begonia_baits-ACmerged_contig_2469	scaffold9	99.333	150	40224570	40224421	49791573	8.26e-70	270
Hannah_Begonia_baits-ACmerged_contig_2469	scaffold9	98.026	152	40106625	40106474	49791573	3.84e-68	265
Hannah_Begonia_baits-ACmerged_contig_2469	scaffold9	96.129	155	40225458	40225612	49791573	8.32e-65	254
Hannah_Begonia_baits-ACmerged_contig_2469	scaffold9	99.291	141	40223656	40223516	49791573	8.32e-65	254
Hannah_Begonia_baits-ACmerged_contig_2469	scaffold9	99.275	138	40084701	40084564	49791573	1.08e-63	250
Hannah_Begonia_baits-ACmerged_contig_2469	scaffold9	96.429	140	40183575	40183436	49791573	3.90e-58	231
Hannah_Begonia_baits-ACmerged_contig_2469	scaffold9	98.473	131	40223277	40223147	49791573	3.90e-58	231
Hannah_Begonia_baits-ACmerged_contig_2469	scaffold9	96.403	139	40084306	40084168	49791573	1.40e-57	230
Hannah_Begonia_baits-ACmerged_contig_2469	scaffold9	98.387	124	40225006	40224883	49791573	3.03e-54	219
Hannah_Begonia_baits-ACmerged_contig_2469	scaffold9	97.895	95	40184211	40184117	49791573	4.01e-38	165
Hannah_Begonia_baits-ACmerged_contig_2469	scaffold9	95.789	95	40109056	40108962	49791573	8.68e-35	154
Hannah_Begonia_baits-ACmerged_contig_2469	scaffold9	97.143	70	40224728	40224659	49791573	3.17e-24	119
Hannah_Begonia_baits-ACmerged_contig_24719	scaffold6	98.276	1102	30099771	30098670	52559209	0.0	1927
Hannah_Begonia_baits-ACmerged_contig_24719	scaffold6	98.808	755	30102681	30101927	52559209	0.0	1345
Hannah_Begonia_baits-ACmerged_contig_24719	scaffold6	98.851	435	30101702	30101268	52559209	0.0	776
Hannah_Begonia_baits-ACmerged_contig_24719	scaffold6	98.807	419	30100256	30099838	52559209	0.0	747
Hannah_Begonia_baits-ACmerged_contig_24719	scaffold6	99.221	385	30101177	30100793	52559209	0.0	695
Hannah_Begonia_baits-ACmerged_contig_24719	scaffold6	98.947	380	30100705	30100326	52559209	0.0	680
Hannah_Begonia_baits-ACmerged_contig_2527	scaffold1	97.249	618	78976894	78977507	84930515	0.0	1044
Hannah_Begonia_baits-ACmerged_contig_2527	scaffold1	98.785	247	78979955	78980201	84930515	3.74e-121	440
Hannah_Begonia_baits-ACmerged_contig_2527	scaffold1	99.180	244	78980304	78980547	84930515	3.74e-121	440
Hannah_Begonia_baits-ACmerged_contig_2527	scaffold1	98.883	179	78981396	78981574	84930515	5.08e-85	320
Hannah_Begonia_baits-ACmerged_contig_2527	scaffold1	97.037	135	78979031	78979165	84930515	3.17e-57	228
Hannah_Begonia_baits-ACmerged_contig_2527	scaffold1	99.123	114	78978806	78978919	84930515	1.48e-50	206
Hannah_Begonia_baits-ACmerged_contig_2527	scaffold1	98.077	104	78982136	78982239	84930515	2.50e-43	182
Hannah_Begonia_baits-ACmerged_contig_2527	scaffold1	100.000	87	78977711	78977797	84930515	3.26e-37	161
Hannah_Begonia_baits-ACmerged_contig_2527	scaffold1	98.837	86	78979272	78979357	84930515	5.45e-35	154
Hannah_Begonia_baits-ACmerged_contig_2527	scaffold1	97.701	87	78981185	78981271	84930515	7.05e-34	150
Hannah_Begonia_baits-ACmerged_contig_2527	scaffold1	97.590	83	78979711	78979793	84930515	1.18e-31	143
Hannah_Begonia_baits-ACmerged_contig_31289	scaffold1	96.573	321	16178872	16179192	84930515	4.97e-148	529
Hannah_Begonia_baits-ACmerged_contig_31289	scaffold1	96.262	321	15971839	15972159	84930515	2.31e-146	523
Hannah_Begonia_baits-ACmerged_contig_31289	scaffold1	96.656	299	13113834	13113536	84930515	1.40e-138	497
Hannah_Begonia_baits-ACmerged_contig_31289	scaffold1	96.321	299	13046381	13046083	84930515	6.52e-137	492
Hannah_Begonia_baits-ACmerged_contig_31289	scaffold14	94.271	803	4389004	4388228	45922387	0.0	1199
Hannah_Begonia_baits-ACmerged_contig_31289	scaffold14	97.606	543	4387859	4387323	45922387	0.0	924
Hannah_Begonia_baits-ACmerged_contig_31289	scaffold7	97.010	301	44805980	44806280	52515067	2.33e-141	507
Hannah_Begonia_baits-ACmerged_contig_3299	scaffold1	92.368	380	83699208	83698829	84930515	1.51e-147	527
Hannah_Begonia_baits-ACmerged_contig_3299	scaffold1	98.571	280	83700537	83700258	84930515	4.26e-138	496
Hannah_Begonia_baits-ACmerged_contig_3299	scaffold1	96.371	248	83700915	83700668	84930515	2.06e-111	407
Hannah_Begonia_baits-ACmerged_contig_3299	scaffold1	97.516	161	83699517	83699357	84930515	6.05e-72	276
Hannah_Begonia_baits-ACmerged_contig_3299	scaffold1	95.192	104	83701444	83701341	84930515	4.91e-38	163
Hannah_Begonia_baits-ACmerged_contig_33065	scaffold7	94.257	505	2490088	2490590	52515067	0.0	769
Hannah_Begonia_baits-ACmerged_contig_33065	scaffold7	100.000	100	2491909	2492008	52515067	9.05e-45	185
Hannah_Begonia_baits-ACmerged_contig_33065	scaffold7	100.000	79	2490734	2490812	52515067	4.27e-33	147
Hannah_Begonia_baits-ACmerged_contig_33065	scaffold7	98.571	70	2490893	2490962	52515067	2.00e-26	124
Hannah_Begonia_baits-ACmerged_contig_33084	scaffold1	89.062	256	15585376	15585122	84930515	1.74e-84	316
Hannah_Begonia_baits-ACmerged_contig_33084	scaffold1	89.062	256	16088999	16088745	84930515	1.74e-84	316
Hannah_Begonia_baits-ACmerged_contig_33084	scaffold1	87.333	150	11724656	11724507	84930515	3.99e-41	172
Hannah_Begonia_baits-ACmerged_contig_33084	scaffold12	87.333	150	41866241	41866092	46145620	3.99e-41	172
Hannah_Begonia_baits-ACmerged_contig_33084	scaffold13	95.623	297	1598314	1598610	46025341	1.26e-130	470
Hannah_Begonia_baits-ACmerged_contig_33084	scaffold13	97.959	196	1598971	1598776	46025341	1.03e-91	340
Hannah_Begonia_baits-ACmerged_contig_33084	scaffold13	100.000	69	1598693	1598761	46025341	8.77e-28	128
Hannah_Begonia_baits-ACmerged_contig_33084	scaffold14	96.923	65	28061466	28061402	45922387	3.18e-22	110
Hannah_Begonia_baits-ACmerged_contig_33084	scaffold3	97.101	69	17616242	17616310	55665139	1.90e-24	117
Hannah_Begonia_baits-ACmerged_contig_3642	scaffold1	86.141	368	74609292	74609647	84930515	2.57e-105	387
Hannah_Begonia_baits-ACmerged_contig_3642	scaffold4	98.630	730	4643862	4643133	53895534	0.0	1293
Hannah_Begonia_baits-ACmerged_contig_3642	scaffold4	99.457	368	4642997	4642630	53895534	0.0	669
Hannah_Begonia_baits-ACmerged_contig_3744	scaffold1	98.261	1150	70352056	70353202	84930515	0.0	2010
Hannah_Begonia_baits-ACmerged_contig_3744	scaffold1	100.000	103	70353889	70353991	84930515	2.70e-46	191
Hannah_Begonia_baits-ACmerged_contig_3744	scaffold4	90.173	1099	5911571	5910473	53895534	0.0	1432
Hannah_Begonia_baits-ACmerged_contig_3744	scaffold4	91.429	105	5932507	5932404	53895534	7.67e-32	143
Hannah_Begonia_baits-ACmerged_contig_3744	scaffold4	91.429	105	5946074	5946177	53895534	7.67e-32	143
Hannah_Begonia_baits-ACmerged_contig_38449	scaffold13	96.221	344	13891403	13891060	46025341	6.52e-159	564
Hannah_Begonia_baits-ACmerged_contig_4025	scaffold12	97.861	2525	39311684	39314207	46145620	0.0	4362
Hannah_Begonia_baits-ACmerged_contig_4025	scaffold12	98.168	819	39314812	39315630	46145620	0.0	1430
Hannah_Begonia_baits-ACmerged_contig_4025	scaffold12	98.234	453	39316185	39316636	46145620	0.0	791
Hannah_Begonia_baits-ACmerged_contig_4025	scaffold12	97.993	299	39315744	39316042	46145620	9.25e-145	520
Hannah_Begonia_baits-ACmerged_contig_4183	scaffold3	97.682	2243	1887506	1885264	55665139	0.0	3845
Hannah_Begonia_baits-ACmerged_contig_4183	scaffold3	75.326	766	1352846	1353601	55665139	1.63e-90	339
Hannah_Begonia_baits-ACmerged_contig_4183	scaffold3	97.059	170	1888040	1887872	55665139	2.16e-74	285
Hannah_Begonia_baits-ACmerged_contig_4253	scaffold2	97.513	1367	7467464	7468830	56708189	0.0	2335
Hannah_Begonia_baits-ACmerged_contig_4253	scaffold2	97.366	1367	7397801	7399167	56708189	0.0	2324
Hannah_Begonia_baits-ACmerged_contig_4264	scaffold1	97.138	1922	71168984	71170899	84930515	0.0	3240
Hannah_Begonia_baits-ACmerged_contig_4264	scaffold1	97.086	1922	71104912	71106826	84930515	0.0	3232
Hannah_Begonia_baits-ACmerged_contig_4264	scaffold1	96.878	1922	71091780	71093689	84930515	0.0	3206
Hannah_Begonia_baits-ACmerged_contig_4264	scaffold1	98.416	442	71090879	71091320	84930515	0.0	778
Hannah_Begonia_baits-ACmerged_contig_4264	scaffold1	98.416	442	71104010	71104451	84930515	0.0	778
Hannah_Begonia_baits-ACmerged_contig_4264	scaffold1	98.416	442	71168083	71168524	84930515	0.0	778
Hannah_Begonia_baits-ACmerged_contig_4264	scaffold4	87.642	1756	5745326	5747081	53895534	0.0	2041
Hannah_Begonia_baits-ACmerged_contig_4264	scaffold4	87.528	1756	5783284	5785038	53895534	0.0	2028
Hannah_Begonia_baits-ACmerged_contig_4264	scaffold4	84.828	435	5744667	5745100	53895534	5.78e-120	436
Hannah_Begonia_baits-ACmerged_contig_4489	scaffold7	98.836	687	48105287	48104601	52515067	0.0	1225
Hannah_Begonia_baits-ACmerged_contig_4489	scaffold7	98.256	688	48217795	48217113	52515067	0.0	1199
Hannah_Begonia_baits-ACmerged_contig_4489	scaffold7	97.932	677	48218691	48218015	52515067	0.0	1173
Hannah_Begonia_baits-ACmerged_contig_4489	scaffold7	97.341	677	48106183	48105507	52515067	0.0	1151
Hannah_Begonia_baits-ACmerged_contig_4489	scaffold7	97.688	346	48104264	48103919	52515067	7.55e-168	595
Hannah_Begonia_baits-ACmerged_contig_4489	scaffold7	97.688	346	48216775	48216430	52515067	7.55e-168	595
Hannah_Begonia_baits-ACmerged_contig_4489	scaffold7	93.488	215	48219418	48219204	52515067	2.37e-83	315
Hannah_Begonia_baits-ACmerged_contig_4489	scaffold7	99.419	172	48104522	48104351	52515067	8.51e-83	313
Hannah_Begonia_baits-ACmerged_contig_4489	scaffold7	98.837	172	48217034	48216863	52515067	3.96e-81	307
Hannah_Begonia_baits-ACmerged_contig_4489	scaffold7	92.925	212	48106906	48106695	52515067	5.12e-80	303
Hannah_Begonia_baits-ACmerged_contig_5171	scaffold12	89.024	164	42237116	42237279	46145620	1.19e-50	204
Hannah_Begonia_baits-ACmerged_contig_5171	scaffold8	98.010	201	2339718	2339518	51801790	5.19e-94	348
Hannah_Begonia_baits-ACmerged_contig_5171	scaffold8	98.895	181	2340357	2340177	51801790	8.75e-87	324
Hannah_Begonia_baits-ACmerged_contig_5171	scaffold8	98.462	65	2339381	2339317	51801790	5.73e-24	115
Hannah_Begonia_baits-ACmerged_contig_5178	scaffold2	92.647	272	48903511	48903243	56708189	5.91e-106	388
Hannah_Begonia_baits-ACmerged_contig_5178	scaffold2	94.538	238	48904576	48904339	56708189	7.70e-100	368
Hannah_Begonia_baits-ACmerged_contig_5178	scaffold2	97.521	121	48903924	48903804	56708189	1.78e-51	207
Hannah_Begonia_baits-ACmerged_contig_5178	scaffold2	98.214	112	48904124	48904013	56708189	3.84e-48	196
Hannah_Begonia_baits-ACmerged_contig_5178	scaffold6	88.430	121	51351866	51351986	52559209	3.93e-33	147
Hannah_Begonia_baits-ACmerged_contig_5189	scaffold14	89.209	139	6591990	6592127	45922387	8.04e-40	171
Hannah_Begonia_baits-ACmerged_contig_5189	scaffold7	92.473	558	52218184	52218739	52515067	0.0	771
Hannah_Begonia_baits-ACmerged_contig_5189	scaffold7	97.442	430	52216874	52217303	52515067	0.0	734
Hannah_Begonia_baits-ACmerged_contig_5189	scaffold7	99.216	255	52213855	52214109	52515067	4.26e-127	460
Hannah_Begonia_baits-ACmerged_contig_5189	scaffold7	97.835	231	52215388	52215618	52515067	3.39e-108	398
Hannah_Begonia_baits-ACmerged_contig_5189	scaffold7	99.515	206	52217849	52218054	52515067	1.59e-101	375
Hannah_Begonia_baits-ACmerged_contig_5189	scaffold7	98.507	201	52205716	52205916	52515067	2.07e-95	355
Hannah_Begonia_baits-ACmerged_contig_5189	scaffold7	100.000	191	52217578	52217768	52515067	7.44e-95	353
Hannah_Begonia_baits-ACmerged_contig_5189	scaffold7	99.462	186	52215863	52216048	52515067	2.08e-90	339
Hannah_Begonia_baits-ACmerged_contig_5189	scaffold7	98.913	184	52214656	52214839	52515067	1.25e-87	329
Hannah_Begonia_baits-ACmerged_contig_5189	scaffold7	93.605	172	52204794	52204962	52515067	7.77e-65	254
Hannah_Begonia_baits-ACmerged_contig_5189	scaffold7	97.917	144	52214387	52214529	52515067	3.61e-63	248
Hannah_Begonia_baits-ACmerged_contig_5189	scaffold7	99.145	117	52213525	52213641	52515067	4.74e-52	211
Hannah_Begonia_baits-ACmerged_contig_5189	scaffold7	98.969	97	52214910	52215006	52515067	6.22e-41	174
Hannah_Begonia_baits-ACmerged_contig_5189	scaffold7	94.231	104	52216684	52216787	52515067	6.26e-36	158
Hannah_Begonia_baits-ACmerged_contig_5189	scaffold7	97.183	71	52215696	52215766	52515067	8.22e-25	121
Hannah_Begonia_baits-ACmerged_contig_5529	scaffold11	99.078	434	13486979	13486546	46644841	0.0	780
Hannah_Begonia_baits-ACmerged_contig_5529	scaffold11	100.000	249	13487715	13487467	46644841	2.16e-127	460
Hannah_Begonia_baits-ACmerged_contig_5529	scaffold11	98.174	219	13489831	13489613	46644841	4.81e-104	383
Hannah_Begonia_baits-ACmerged_contig_5529	scaffold11	84.750	400	13490769	13490370	46644841	4.84e-99	366
Hannah_Begonia_baits-ACmerged_contig_5529	scaffold11	99.425	174	13489511	13489338	46644841	4.94e-84	316
Hannah_Begonia_baits-ACmerged_contig_5529	scaffold11	99.315	146	13490079	13489934	46644841	1.82e-68	265
Hannah_Begonia_baits-ACmerged_contig_5529	scaffold11	92.778	180	13389354	13389186	46644841	5.09e-64	250
Hannah_Begonia_baits-ACmerged_contig_5875	scaffold5	98.401	1814	48415635	48417448	53633373	0.0	3190
Hannah_Begonia_baits-ACmerged_contig_5875	scaffold5	99.259	810	48417835	48418644	53633373	0.0	1463
Hannah_Begonia_baits-ACmerged_contig_5875	scaffold5	95.821	670	48419796	48420463	53633373	0.0	1077
Hannah_Begonia_baits-ACmerged_contig_5875	scaffold5	98.667	300	48419381	48419680	53633373	3.75e-148	531
Hannah_Begonia_baits-ACmerged_contig_5883	scaffold1	86.074	596	74567310	74566717	84930515	6.41e-180	636
Hannah_Begonia_baits-ACmerged_contig_5883	scaffold1	91.292	356	74566336	74565984	84930515	8.83e-134	483
Hannah_Begonia_baits-ACmerged_contig_5883	scaffold1	86.530	438	74565362	74564926	84930515	3.18e-133	481
Hannah_Begonia_baits-ACmerged_contig_5883	scaffold1	90.441	272	74565783	74565515	84930515	2.01e-95	355
Hannah_Begonia_baits-ACmerged_contig_5883	scaffold4	97.631	802	4655992	4656792	53895534	0.0	1375
Hannah_Begonia_baits-ACmerged_contig_5883	scaffold4	97.856	653	4660651	4661303	53895534	0.0	1129
Hannah_Begonia_baits-ACmerged_contig_5883	scaffold4	98.526	475	4657874	4658347	53895534	0.0	837
Hannah_Begonia_baits-ACmerged_contig_5883	scaffold4	98.087	366	4657026	4657391	53895534	6.41e-180	636
Hannah_Begonia_baits-ACmerged_contig_5883	scaffold4	98.524	271	4657522	4657792	53895534	1.14e-132	479
Hannah_Begonia_baits-ACmerged_contig_5883	scaffold4	98.889	90	4658928	4659017	53895534	4.70e-37	161
Hannah_Begonia_baits-ACmerged_contig_6354	scaffold14	88.679	212	16979001	16978797	45922387	2.72e-62	244
Hannah_Begonia_baits-ACmerged_contig_6354	scaffold14	87.006	177	16978247	16978075	45922387	4.64e-45	187
Hannah_Begonia_baits-ACmerged_contig_6354	scaffold2	97.455	668	51804382	51805049	56708189	0.0	1140
Hannah_Begonia_baits-ACmerged_contig_6354	scaffold2	97.006	668	51811208	51811875	56708189	0.0	1123
Hannah_Begonia_baits-ACmerged_contig_6354	scaffold2	97.006	668	51837762	51838429	56708189	0.0	1123
Hannah_Begonia_baits-ACmerged_contig_6354	scaffold2	96.856	668	51844841	51845508	56708189	0.0	1118
Hannah_Begonia_baits-ACmerged_contig_6354	scaffold2	98.383	371	51808426	51808796	56708189	0.0	652
Hannah_Begonia_baits-ACmerged_contig_6354	scaffold2	97.019	369	51801707	51802075	56708189	1.07e-175	621
Hannah_Begonia_baits-ACmerged_contig_6354	scaffold2	96.765	371	51842121	51842491	56708189	3.86e-175	619
Hannah_Begonia_baits-ACmerged_contig_6354	scaffold2	97.443	352	51803498	51803849	56708189	1.40e-169	601
Hannah_Begonia_baits-ACmerged_contig_6354	scaffold2	96.875	352	51810324	51810675	56708189	3.03e-166	590
Hannah_Begonia_baits-ACmerged_contig_6354	scaffold2	96.875	352	51843957	51844308	56708189	3.03e-166	590
Hannah_Begonia_baits-ACmerged_contig_6354	scaffold2	98.529	272	51808898	51809169	56708189	1.90e-133	481
Hannah_Begonia_baits-ACmerged_contig_6354	scaffold2	98.529	272	51842593	51842864	56708189	1.90e-133	481
Hannah_Begonia_baits-ACmerged_contig_6354	scaffold2	97.426	272	51802178	51802449	56708189	1.92e-128	464
Hannah_Begonia_baits-ACmerged_contig_6354	scaffold2	96.135	207	51836998	51837202	56708189	1.57e-89	335
Hannah_Begonia_baits-ACmerged_contig_6579	scaffold7	98.039	357	52057365	52057010	52515067	1.64e-175	619
Hannah_Begonia_baits-ACmerged_contig_6579	scaffold7	98.750	160	52058229	52058070	52515067	6.81e-75	285
Hannah_Begonia_baits-ACmerged_contig_6579	scaffold7	98.742	159	52057906	52057748	52515067	2.45e-74	283
Hannah_Begonia_baits-ACmerged_contig_6579	scaffold7	99.174	121	52057677	52057557	52515067	2.52e-54	217
Hannah_Begonia_baits-ACmerged_contig_66	scaffold1	95.528	1722	1327647	1329358	84930515	0.0	2732
Hannah_Begonia_baits-ACmerged_contig_66	scaffold1	98.127	267	1326063	1326329	84930515	8.59e-129	466
Hannah_Begonia_baits-ACmerged_contig_66	scaffold1	95.475	221	1327355	1327575	84930515	2.51e-94	351
Hannah_Begonia_baits-ACmerged_contig_66	scaffold1	96.262	214	1326574	1326786	84930515	9.02e-94	350
Hannah_Begonia_baits-ACmerged_contig_66	scaffold1	96.875	96	1326401	1326496	84930515	4.54e-37	161
Hannah_Begonia_baits-ACmerged_contig_66	scaffold1	100.000	69	1326881	1326949	84930515	4.60e-27	128
Hannah_Begonia_baits-ACmerged_contig_66	scaffold1	100.000	69	1327195	1327263	84930515	4.60e-27	128
Hannah_Begonia_baits-ACmerged_contig_66	scaffold1	98.592	71	1327036	1327106	84930515	1.66e-26	126
Hannah_Begonia_baits-ACmerged_contig_66	scaffold4	90.310	258	51828406	51828663	53895534	1.95e-90	339
Hannah_Begonia_baits-ACmerged_contig_66	scaffold4	80.994	342	6058575	6058243	53895534	1.56e-66	259
Hannah_Begonia_baits-ACmerged_contig_66	scaffold4	84.190	253	6059078	6058844	53895534	1.23e-57	230
Hannah_Begonia_baits-ACmerged_contig_66	scaffold4	89.080	174	35095190	35095360	53895534	1.24e-52	213
Hannah_Begonia_baits-ACmerged_contig_66	scaffold6	82.930	744	38768067	38768801	52559209	0.0	656
Hannah_Begonia_baits-ACmerged_contig_6601	scaffold12	97.290	369	2342338	2342706	46145620	1.35e-177	627
Hannah_Begonia_baits-ACmerged_contig_6601	scaffold12	97.209	215	2342053	2342266	46145620	4.20e-98	363
Hannah_Begonia_baits-ACmerged_contig_6601	scaffold14	98.374	369	2208347	2207979	45922387	0.0	649
Hannah_Begonia_baits-ACmerged_contig_6601	scaffold14	95.349	215	2208649	2208435	45922387	5.47e-92	342
Hannah_Begonia_baits-ACmerged_contig_6601	scaffold14	96.129	155	35705617	35705463	45922387	2.63e-65	254
Hannah_Begonia_baits-ACmerged_contig_6601	scaffold2	98.645	369	44123389	44123757	56708189	0.0	654
Hannah_Begonia_baits-ACmerged_contig_6601	scaffold2	99.160	238	44123062	44123299	56708189	4.08e-118	429
Hannah_Begonia_baits-ACmerged_contig_6601	scaffold2	96.186	236	44122006	44122239	56708189	3.22e-104	383
Hannah_Begonia_baits-ACmerged_contig_6601	scaffold2	99.270	137	44122526	44122662	56708189	1.23e-63	248
Hannah_Begonia_baits-ACmerged_contig_6601	scaffold2	98.387	62	44122360	44122421	56708189	6.03e-22	110
Hannah_Begonia_baits-ACmerged_contig_6601	scaffold6	91.176	238	52071923	52071690	52559209	9.21e-85	318
Hannah_Begonia_baits-ACmerged_contig_6601	scaffold6	93.431	137	52072356	52072220	52559209	2.69e-50	204
Hannah_Begonia_baits-ACmerged_contig_6601	scaffold7	98.103	369	46209974	46209606	52515067	0.0	643
Hannah_Begonia_baits-ACmerged_contig_6601	scaffold7	98.103	369	46348109	46347741	52515067	0.0	643
Hannah_Begonia_baits-ACmerged_contig_6601	scaffold7	97.019	369	50888872	50889240	52515067	6.27e-176	621
Hannah_Begonia_baits-ACmerged_contig_6601	scaffold7	96.748	369	39321210	39321578	52515067	2.92e-174	616
Hannah_Begonia_baits-ACmerged_contig_6601	scaffold7	98.571	210	46210272	46210063	52515067	6.97e-101	372
Hannah_Begonia_baits-ACmerged_contig_6601	scaffold7	98.571	210	46348406	46348197	52515067	6.97e-101	372
Hannah_Begonia_baits-ACmerged_contig_6601	scaffold7	98.571	210	50888575	50888784	52515067	6.97e-101	372
Hannah_Begonia_baits-ACmerged_contig_6601	scaffold7	98.030	203	39320918	39321120	52515067	2.53e-95	353
Hannah_Begonia_baits-ACmerged_contig_6601	scaffold8	97.290	369	39213703	39213335	51801790	1.35e-177	627
Hannah_Begonia_baits-ACmerged_contig_6601	scaffold8	97.209	215	39214005	39213791	51801790	1.17e-98	364
Hannah_Begonia_baits-ACmerged_contig_6673	scaffold2	99.301	715	41666286	41665572	56708189	0.0	1293
Hannah_Begonia_baits-ACmerged_contig_6673	scaffold2	97.751	667	41667043	41666377	56708189	0.0	1149
Hannah_Begonia_baits-ACmerged_contig_6673	scaffold2	98.206	223	41665085	41664863	56708189	3.83e-106	390
Hannah_Begonia_baits-ACmerged_contig_6673	scaffold2	98.953	191	41664559	41664369	56708189	1.09e-91	342
Hannah_Begonia_baits-ACmerged_contig_6673	scaffold2	96.522	115	41667385	41667271	56708189	1.50e-45	189
Hannah_Begonia_baits-ACmerged_contig_6673	scaffold2	91.919	99	41667691	41667597	56708189	1.98e-29	135
Hannah_Begonia_baits-ACmerged_contig_6673	scaffold6	85.475	716	52193092	52193804	52559209	0.0	741
Hannah_Begonia_baits-ACmerged_contig_6673	scaffold6	80.513	390	52191949	52192322	52559209	1.86e-74	285
Hannah_Begonia_baits-ACmerged_contig_6673	scaffold6	85.864	191	52194613	52194803	52559209	5.35e-50	204
Hannah_Begonia_baits-ACmerged_contig_694	scaffold12	98.089	471	5769841	5770310	46145620	0.0	817
Hannah_Begonia_baits-ACmerged_contig_694	scaffold12	97.877	471	5595266	5595736	46145620	0.0	813
Hannah_Begonia_baits-ACmerged_contig_694	scaffold12	99.306	432	5594744	5595175	46145620	0.0	782
Hannah_Begonia_baits-ACmerged_contig_694	scaffold12	99.074	432	5769319	5769750	46145620	0.0	776
Hannah_Begonia_baits-ACmerged_contig_694	scaffold12	97.768	448	5768701	5769148	46145620	0.0	771
Hannah_Begonia_baits-ACmerged_contig_694	scaffold12	97.539	447	5594123	5594569	46145620	0.0	765
Hannah_Begonia_baits-ACmerged_contig_694	scaffold3	90.046	432	10204668	10205099	55665139	2.16e-157	560
Hannah_Begonia_baits-ACmerged_contig_694	scaffold3	87.692	260	10204319	10204578	55665139	4.03e-80	303
Hannah_Begonia_baits-ACmerged_contig_694	scaffold6	89.559	431	1445864	1446294	52559209	1.68e-153	547
Hannah_Begonia_baits-ACmerged_contig_694	scaffold6	84.384	365	1446365	1446727	52559209	1.10e-95	355
Hannah_Begonia_baits-ACmerged_contig_7287	scaffold11	99.223	386	5971698	5972083	46644841	0.0	697
Hannah_Begonia_baits-ACmerged_contig_7287	scaffold11	98.367	245	5972218	5972462	46644841	9.67e-119	431
Hannah_Begonia_baits-ACmerged_contig_7287	scaffold11	98.222	225	5972578	5972802	46644841	1.27e-107	394
Hannah_Begonia_baits-ACmerged_contig_7408	scaffold1	94.624	744	73090043	73090780	84930515	0.0	1133
Hannah_Begonia_baits-ACmerged_contig_7408	scaffold1	97.727	132	73089573	73089704	84930515	1.44e-57	228
Hannah_Begonia_baits-ACmerged_contig_7408	scaffold1	98.039	102	73089855	73089956	84930515	1.47e-42	178
Hannah_Begonia_baits-ACmerged_contig_7408	scaffold4	91.473	129	5149222	5149094	53895534	1.47e-42	178
Hannah_Begonia_baits-ACmerged_contig_7408	scaffold4	94.118	102	5148967	5148866	53895534	6.88e-36	156
Hannah_Begonia_baits-ACmerged_contig_7596	scaffold15	90.679	633	43528430	43529061	45110588	0.0	841
Hannah_Begonia_baits-ACmerged_contig_7596	scaffold15	89.097	321	43529127	43529447	45110588	3.05e-109	399
Hannah_Begonia_baits-ACmerged_contig_7596	scaffold4	97.007	568	52671041	52670474	53895534	0.0	955
Hannah_Begonia_baits-ACmerged_contig_7596	scaffold9	99.367	632	5399666	5400297	49791573	0.0	1146
Hannah_Begonia_baits-ACmerged_contig_7596	scaffold9	98.698	384	5400389	5400772	49791573	0.0	682
Hannah_Begonia_baits-ACmerged_contig_7904	Contig1453	99.565	230	113696	113925	149332	4.00e-115	420
Hannah_Begonia_baits-ACmerged_contig_7904	scaffold11	98.617	723	46557164	46557886	46644841	0.0	1280
Hannah_Begonia_baits-ACmerged_contig_7904	scaffold11	97.778	540	46556543	46557082	46644841	0.0	931
Hannah_Begonia_baits-ACmerged_contig_7904	scaffold11	98.649	222	46557971	46558192	46644841	2.43e-107	394
Hannah_Begonia_baits-ACmerged_contig_7904	scaffold14	87.414	723	6919274	6919996	45922387	0.0	832
Hannah_Begonia_baits-ACmerged_contig_7904	scaffold14	84.848	528	6918682	6919205	45922387	8.25e-147	525
Hannah_Begonia_baits-ACmerged_contig_7904	scaffold14	87.892	223	6920070	6920292	45922387	7.14e-68	263
Hannah_Begonia_baits-ACmerged_contig_7904	scaffold6	97.802	91	13819941	13820031	52559209	1.25e-35	156
Hannah_Begonia_baits-ACmerged_contig_806	scaffold6	98.697	1919	7698470	7700387	52559209	0.0	3404
Hannah_Begonia_baits-ACmerged_contig_806	scaffold6	97.431	506	7701800	7702303	52559209	0.0	859
Hannah_Begonia_baits-ACmerged_contig_806	scaffold6	99.007	302	7701426	7701727	52559209	1.59e-151	542
Hannah_Begonia_baits-ACmerged_contig_806	scaffold6	98.324	179	7701170	7701348	52559209	3.78e-83	315
Hannah_Begonia_baits-ACmerged_contig_806	scaffold6	99.390	164	7700471	7700634	52559209	3.81e-78	298
Hannah_Begonia_baits-ACmerged_contig_806	scaffold6	96.491	114	7702333	7702445	52559209	8.60e-45	187
Hannah_Begonia_baits-ACmerged_contig_806	scaffold6	100.000	61	7698180	7698240	52559209	1.48e-22	113
Hannah_Begonia_baits-ACmerged_contig_806	scaffold6	98.438	64	7696992	7697055	52559209	1.48e-22	113
Hannah_Begonia_baits-ACmerged_contig_8701	scaffold1	98.129	2031	9101009	9103036	84930515	0.0	3531
Hannah_Begonia_baits-ACmerged_contig_8701	scaffold1	94.390	410	9103135	9103536	84930515	1.46e-175	621
Hannah_Begonia_baits-ACmerged_contig_8797	scaffold6	97.905	525	1185419	1184896	52559209	0.0	907
Hannah_Begonia_baits-ACmerged_contig_8797	scaffold6	98.083	313	1184541	1184229	52559209	4.83e-153	545
Hannah_Begonia_baits-ACmerged_contig_8797	scaffold6	91.497	294	1186224	1185940	52559209	5.15e-108	396
Hannah_Begonia_baits-ACmerged_contig_9152	scaffold2	81.048	897	52809199	52810068	56708189	0.0	689
Hannah_Begonia_baits-ACmerged_contig_9152	scaffold4	85.864	191	12551886	12551697	53895534	3.28e-49	202
Hannah_Begonia_baits-ACmerged_contig_9152	scaffold4	85.714	168	12550489	12550322	53895534	5.53e-42	178
Hannah_Begonia_baits-ACmerged_contig_9152	scaffold4	87.288	118	12550678	12550561	53895534	3.38e-29	135
Hannah_Begonia_baits-ACmerged_contig_9152	scaffold6	95.908	1002	30652693	30651710	52559209	0.0	1605
Hannah_Begonia_baits-ACmerged_contig_9152	scaffold6	95.804	1001	30803731	30802750	52559209	0.0	1598
Hannah_Begonia_baits-ACmerged_contig_9152	scaffold6	98.485	330	30653488	30653159	52559209	1.00e-163	582
Hannah_Begonia_baits-ACmerged_contig_9152	scaffold6	98.182	330	30804524	30804195	52559209	4.67e-162	577
Hannah_Begonia_baits-ACmerged_contig_9415	scaffold1	81.373	816	71020314	71019504	84930515	0.0	647
Hannah_Begonia_baits-ACmerged_contig_9415	scaffold1	83.502	691	71021283	71020594	84930515	5.25e-178	628
Hannah_Begonia_baits-ACmerged_contig_9415	scaffold1	100.000	60	1565282	1565223	84930515	2.35e-22	111
Hannah_Begonia_baits-ACmerged_contig_9415	scaffold2	91.667	708	10242700	10241994	56708189	0.0	979
Hannah_Begonia_baits-ACmerged_contig_9415	scaffold4	94.147	803	5798308	5799110	53895534	0.0	1223
Hannah_Begonia_baits-ACmerged_contig_9415	scaffold4	98.370	675	5797214	5797888	53895534	0.0	1186
Hannah_Begonia_baits-ACmerged_contig_9415	scaffold5	92.232	708	43994733	43995440	53633373	0.0	1003
Hannah_Begonia_baits-ACmerged_contig_9838	scaffold1	96.429	364	1122579	1122942	84930515	8.41e-168	595
Hannah_Begonia_baits-ACmerged_contig_9838	scaffold1	99.296	284	1120378	1120661	84930515	2.42e-143	514
Hannah_Begonia_baits-ACmerged_contig_9838	scaffold1	96.575	292	1119751	1120040	84930515	2.46e-133	481
Hannah_Begonia_baits-ACmerged_contig_9838	scaffold1	96.552	261	1121382	1121642	84930515	6.98e-119	433
Hannah_Begonia_baits-ACmerged_contig_9838	scaffold1	95.475	221	1123035	1123252	84930515	2.60e-93	348
Hannah_Begonia_baits-ACmerged_contig_9838	scaffold1	98.039	153	1120793	1120945	84930515	7.49e-69	267
Hannah_Begonia_baits-ACmerged_contig_9838	scaffold1	98.571	140	1123869	1124008	84930515	2.71e-63	248
Hannah_Begonia_baits-ACmerged_contig_9838	scaffold1	98.561	139	1120160	1120298	84930515	9.76e-63	246
Hannah_Begonia_baits-ACmerged_contig_9838	scaffold1	99.248	133	1122077	1122209	84930515	4.54e-61	241
Hannah_Begonia_baits-ACmerged_contig_9838	scaffold1	99.187	123	1124009	1124131	84930515	1.65e-55	222
Hannah_Begonia_baits-ACmerged_contig_9838	scaffold1	99.180	122	1121862	1121983	84930515	5.92e-55	220
Hannah_Begonia_baits-ACmerged_contig_9838	scaffold1	96.262	107	1121178	1121284	84930515	1.30e-41	176
Hannah_Begonia_baits-ACmerged_contig_9838	scaffold1	98.701	77	1123700	1123776	84930515	6.13e-30	137
Hannah_Begonia_baits-ACmerged_contig_9838	scaffold1	98.684	76	1122280	1122355	84930515	2.20e-29	135
Hannah_Begonia_baits-ACmerged_contig_9838	scaffold6	88.816	152	37304165	37304316	52559209	6.00e-45	187
Hannah_Begonia_baits-ACmerged_contig_9838	scaffold6	91.729	133	37303486	37303618	52559209	2.16e-44	185
Hannah_Begonia_baits-ACmerged_contig_9906	scaffold3	96.649	567	4688727	4689285	55665139	0.0	933
Hannah_Begonia_baits-ACmerged_contig_9906	scaffold3	99.057	212	4690750	4690961	55665139	3.09e-103	381
Hannah_Begonia_baits-ACmerged_contig_9906	scaffold3	98.964	193	4689973	4690165	55665139	1.13e-92	346
Hannah_Begonia_baits-ACmerged_contig_9906	scaffold3	98.462	195	4690447	4690641	55665139	4.06e-92	344
Hannah_Begonia_baits-ACmerged_contig_9906	scaffold3	99.425	174	4694958	4695131	55665139	8.84e-84	316
Hannah_Begonia_baits-ACmerged_contig_9906	scaffold3	100.000	164	4691057	4691220	55665139	6.88e-80	303
Hannah_Begonia_baits-ACmerged_contig_9906	scaffold3	100.000	155	4691776	4691930	55665139	6.93e-75	287
Hannah_Begonia_baits-ACmerged_contig_9906	scaffold3	98.089	157	4692001	4692156	55665139	1.94e-70	272
Hannah_Begonia_baits-ACmerged_contig_9906	scaffold3	96.479	142	4693388	4693528	55665139	9.16e-59	233
Hannah_Begonia_baits-ACmerged_contig_9906	scaffold3	99.194	124	4696119	4696242	55665139	5.51e-56	224
Hannah_Begonia_baits-ACmerged_contig_9906	scaffold3	100.000	112	4693125	4693236	55665139	5.55e-51	207
Hannah_Begonia_baits-ACmerged_contig_9906	scaffold3	99.123	114	4705274	4705387	55665139	2.00e-50	206
Hannah_Begonia_baits-ACmerged_contig_9906	scaffold3	96.639	119	4695215	4695333	55665139	1.20e-47	196
Hannah_Begonia_baits-ACmerged_contig_9906	scaffold3	98.165	109	4692267	4692375	55665139	5.59e-46	191
Hannah_Begonia_baits-ACmerged_contig_9906	scaffold3	97.297	111	4695938	4696048	55665139	2.01e-45	189
Hannah_Begonia_baits-ACmerged_contig_9906	scaffold3	100.000	87	4690266	4690352	55665139	4.38e-37	161
Hannah_Begonia_baits-ACmerged_contig_9906	scaffold3	98.438	64	4689478	4689541	55665139	1.25e-22	113
Hannah_Begonia_baits-ACmerged_contig_9906	scaffold8	89.671	213	45241093	45240881	51801790	1.94e-70	272
Hannah_Begonia_baits-ACmerged_contig_9906	scaffold8	92.553	188	45241449	45241262	51801790	6.98e-70	270
Hannah_Begonia_baits-ACmerged_contig_9906	scaffold8	94.512	164	45240785	45240622	51801790	7.03e-65	254
Hannah_Begonia_baits-ACmerged_contig_9906	scaffold8	90.270	185	45241925	45241741	51801790	1.97e-60	239
Hannah_Begonia_baits-ACmerged_contig_9906	scaffold8	92.157	153	45240087	45239935	51801790	9.23e-54	217
Hannah_Begonia_baits-ACmerged_contig_9906	scaffold8	90.278	144	45238453	45238311	51801790	7.23e-45	187
Hannah_Begonia_baits-ACmerged_contig_9906	scaffold8	92.793	111	45229589	45229479	51801790	4.38e-37	161
Hannah_Begonia_baits-ACmerged_contig_9906	scaffold8	92.793	111	45234518	45234408	51801790	4.38e-37	161
Hannah_Begonia_baits-ACmerged_contig_9906	scaffold8	90.265	113	45238755	45238643	51801790	1.23e-32	147
Hannah_Begonia_baits-Becon104Scf00144g0005.1	scaffold11	85.455	220	34527214	34527430	46644841	5.76e-56	224
Hannah_Begonia_baits-Becon104Scf00144g0005.1	scaffold2	77.647	340	55771833	55771496	56708189	4.52e-47	195
Hannah_Begonia_baits-Becon104Scf00144g0005.1	scaffold3	95.937	443	6042692	6043134	55665139	0.0	719
Hannah_Begonia_baits-Becon104Scf00144g0005.1	scaffold3	93.077	390	6045014	6045403	55665139	1.08e-157	562
Hannah_Begonia_baits-Becon104Scf00144g0005.1	scaffold3	96.703	273	6044473	6044745	55665139	1.88e-125	455
Hannah_Begonia_baits-Becon104Scf00144g0005.1	scaffold3	100.000	218	6041668	6041885	55665139	6.90e-110	403
Hannah_Begonia_baits-Becon104Scf00144g0005.1	scaffold3	94.915	236	6045488	6045716	55665139	1.17e-97	363
Hannah_Begonia_baits-Becon104Scf00144g0005.1	scaffold3	97.906	191	6042419	6042609	55665139	3.30e-88	331
Hannah_Begonia_baits-Becon104Scf00144g0005.1	scaffold3	93.923	181	6044202	6044382	55665139	5.64e-71	274
Hannah_Begonia_baits-Becon104Scf00144g0005.1	scaffold3	88.945	199	6043941	6044139	55665139	9.58e-59	233
Hannah_Begonia_baits-Becon104Scf00144g0005.1	scaffold3	95.763	118	6041996	6042113	55665139	5.85e-46	191
Hannah_Begonia_baits-Becon104Scf00144g0005.1	scaffold3	99.000	100	6043220	6043319	55665139	1.27e-42	180
Hannah_Begonia_baits-Becon104Scf00144g0005.1	scaffold3	96.939	98	6044829	6044926	55665139	3.54e-38	165
Hannah_Begonia_baits-Becon104Scf00144g0005.1	scaffold3	95.238	105	6041196	6041300	55665139	1.27e-37	163
Hannah_Begonia_baits-Becon104Scf00144g0005.1	scaffold8	90.498	221	39678085	39677868	51801790	7.25e-75	287
Hannah_Begonia_baits-Becon104Scf00144g0005.1	scaffold8	90.498	221	39850372	39850155	51801790	7.25e-75	287
Hannah_Begonia_baits-Becon104Scf00144g0005.1	scaffold8	91.146	192	39677478	39677288	51801790	1.58e-66	259
Hannah_Begonia_baits-Becon104Scf00144g0005.1	scaffold8	91.146	192	39849766	39849576	51801790	1.58e-66	259
Hannah_Begonia_baits-Becon104Scf00144g0005.1	scaffold8	94.792	96	39678577	39678482	51801790	9.92e-34	150
Hannah_Begonia_baits-Becon104Scf00144g0005.1	scaffold8	94.792	96	39850860	39850765	51801790	9.92e-34	150
Hannah_Begonia_baits-Becon104Scf00144g0005.1	scaffold8	85.714	126	39679310	39679187	51801790	6.01e-26	124
Hannah_Begonia_baits-Becon104Scf00144g0005.1	scaffold8	85.714	126	39851592	39851469	51801790	6.01e-26	124
Hannah_Begonia_baits-Becon104Scf00144g0005.1	scaffold8	90.526	95	39826381	39826288	51801790	6.01e-26	124
